--
-- PostgreSQL database dump
--

-- Dumped from database version 9.2.4
-- Dumped by pg_dump version 9.2.4
-- Started on 2013-10-13 00:36:36

SET statement_timeout = 0;
SET client_encoding = 'UTF8';
SET standard_conforming_strings = on;
SET check_function_bodies = false;
SET client_min_messages = warning;

--
-- TOC entry 2372 (class 1262 OID 12002)
-- Dependencies: 2371
-- Name: postgres; Type: COMMENT; Schema: -; Owner: postgres
--

COMMENT ON DATABASE postgres IS 'default administrative connection database';


--
-- TOC entry 221 (class 3079 OID 11727)
-- Name: plpgsql; Type: EXTENSION; Schema: -; Owner: 
--

CREATE EXTENSION IF NOT EXISTS plpgsql WITH SCHEMA pg_catalog;


--
-- TOC entry 2374 (class 0 OID 0)
-- Dependencies: 221
-- Name: EXTENSION plpgsql; Type: COMMENT; Schema: -; Owner: 
--

COMMENT ON EXTENSION plpgsql IS 'PL/pgSQL procedural language';


--
-- TOC entry 220 (class 3079 OID 16384)
-- Name: adminpack; Type: EXTENSION; Schema: -; Owner: 
--

CREATE EXTENSION IF NOT EXISTS adminpack WITH SCHEMA pg_catalog;


--
-- TOC entry 2375 (class 0 OID 0)
-- Dependencies: 220
-- Name: EXTENSION adminpack; Type: COMMENT; Schema: -; Owner: 
--

COMMENT ON EXTENSION adminpack IS 'administrative functions for PostgreSQL';


--
-- TOC entry 222 (class 3079 OID 40961)
-- Name: ltree; Type: EXTENSION; Schema: -; Owner: 
--

CREATE EXTENSION IF NOT EXISTS ltree WITH SCHEMA public;


--
-- TOC entry 2376 (class 0 OID 0)
-- Dependencies: 222
-- Name: EXTENSION ltree; Type: COMMENT; Schema: -; Owner: 
--

COMMENT ON EXTENSION ltree IS 'data type for hierarchical tree-like structures';


SET search_path = public, pg_catalog;

--
-- TOC entry 305 (class 1255 OID 41136)
-- Name: changedatastructure(text, text); Type: FUNCTION; Schema: public; Owner: postgres
--

CREATE FUNCTION changedatastructure(oldval text, newval text) RETURNS void
    LANGUAGE sql
    AS $_$

Update pim_master_data set id = $2 where id = $1 and field in ('Other Street Address','Other City','Other State-Prov-Region','Other Zip-Postal Code','Other Country');
insert into pim_master_data (id, field, value) values ($1, 'Other Address', $2);
Update pim_master_data set field = substr(field,6) where id = $2 and field in ('Other Street Address','Other City','Other State-Prov-Region','Other Zip-Postal Code','Other Country');

$_$;


ALTER FUNCTION public.changedatastructure(oldval text, newval text) OWNER TO postgres;

--
-- TOC entry 306 (class 1255 OID 41137)
-- Name: truncate_tables(character varying); Type: FUNCTION; Schema: public; Owner: postgres
--

CREATE FUNCTION truncate_tables(username character varying) RETURNS void
    LANGUAGE plpgsql
    AS $$
DECLARE
    statements CURSOR FOR
        SELECT tablename FROM pg_tables
        WHERE tableowner = username AND schemaname = 'public';
BEGIN
    FOR stmt IN statements LOOP
        EXECUTE 'TRUNCATE TABLE ' || quote_ident(stmt.tablename) || ' CASCADE;';
    END LOOP;
END;
$$;


ALTER FUNCTION public.truncate_tables(username character varying) OWNER TO postgres;

--
-- TOC entry 168 (class 1259 OID 41138)
-- Name: Platform_PlatformID_seq; Type: SEQUENCE; Schema: public; Owner: postgres
--

CREATE SEQUENCE "Platform_PlatformID_seq"
    START WITH 1
    INCREMENT BY 1
    NO MINVALUE
    NO MAXVALUE
    CACHE 1;


ALTER TABLE public."Platform_PlatformID_seq" OWNER TO postgres;

--
-- TOC entry 169 (class 1259 OID 41140)
-- Name: TestRun_TestRunID_seq; Type: SEQUENCE; Schema: public; Owner: postgres
--

CREATE SEQUENCE "TestRun_TestRunID_seq"
    START WITH 1
    INCREMENT BY 1
    NO MINVALUE
    NO MAXVALUE
    CACHE 1;


ALTER TABLE public."TestRun_TestRunID_seq" OWNER TO postgres;

--
-- TOC entry 170 (class 1259 OID 41142)
-- Name: TestStep_TestStepID_seq; Type: SEQUENCE; Schema: public; Owner: postgres
--

CREATE SEQUENCE "TestStep_TestStepID_seq"
    START WITH 1
    INCREMENT BY 1
    NO MINVALUE
    NO MAXVALUE
    CACHE 1;


ALTER TABLE public."TestStep_TestStepID_seq" OWNER TO postgres;

SET default_tablespace = '';

SET default_with_oids = false;

--
-- TOC entry 171 (class 1259 OID 41144)
-- Name: container_items; Type: TABLE; Schema: public; Owner: postgres; Tablespace: 
--

CREATE TABLE container_items (
    id integer NOT NULL,
    dataid character varying(20) NOT NULL,
    container_name character varying(40) NOT NULL,
    item_name_id character varying(100) NOT NULL
);


ALTER TABLE public.container_items OWNER TO postgres;

--
-- TOC entry 2377 (class 0 OID 0)
-- Dependencies: 171
-- Name: TABLE container_items; Type: COMMENT; Schema: public; Owner: postgres
--

COMMENT ON TABLE container_items IS 'Contains media data items for grouping them together.
For Example: A number of songs (aka item_name_id) belongs to a playlist (aka container_name) which is represented by dataid (aka index value)';


--
-- TOC entry 2378 (class 0 OID 0)
-- Dependencies: 171
-- Name: COLUMN container_items.id; Type: COMMENT; Schema: public; Owner: postgres
--

COMMENT ON COLUMN container_items.id IS 'Database index use only';


--
-- TOC entry 2379 (class 0 OID 0)
-- Dependencies: 171
-- Name: COLUMN container_items.dataid; Type: COMMENT; Schema: public; Owner: postgres
--

COMMENT ON COLUMN container_items.dataid IS 'Data Id for referenceing table elements';


--
-- TOC entry 2380 (class 0 OID 0)
-- Dependencies: 171
-- Name: COLUMN container_items.container_name; Type: COMMENT; Schema: public; Owner: postgres
--

COMMENT ON COLUMN container_items.container_name IS 'Repersents a folder, playlist name, etc.';


--
-- TOC entry 2381 (class 0 OID 0)
-- Dependencies: 171
-- Name: COLUMN container_items.item_name_id; Type: COMMENT; Schema: public; Owner: postgres
--

COMMENT ON COLUMN container_items.item_name_id IS 'Represents a name of a song, video, photo, file, etc.';


--
-- TOC entry 172 (class 1259 OID 41147)
-- Name: containertypedata_id_seq; Type: SEQUENCE; Schema: public; Owner: postgres
--

CREATE SEQUENCE containertypedata_id_seq
    START WITH 201
    INCREMENT BY 1
    NO MINVALUE
    NO MAXVALUE
    CACHE 1;


ALTER TABLE public.containertypedata_id_seq OWNER TO postgres;

--
-- TOC entry 173 (class 1259 OID 41149)
-- Name: container_type_data; Type: TABLE; Schema: public; Owner: postgres; Tablespace: 
--

CREATE TABLE container_type_data (
    id integer DEFAULT nextval('containertypedata_id_seq'::regclass) NOT NULL,
    dataid character varying(20),
    curname character varying(200),
    newname character varying(300),
    items_count integer
);


ALTER TABLE public.container_type_data OWNER TO postgres;

--
-- TOC entry 2382 (class 0 OID 0)
-- Dependencies: 173
-- Name: COLUMN container_type_data.id; Type: COMMENT; Schema: public; Owner: postgres
--

COMMENT ON COLUMN container_type_data.id IS 'Database index use only';


--
-- TOC entry 174 (class 1259 OID 41156)
-- Name: daily_build_status; Type: TABLE; Schema: public; Owner: postgres; Tablespace: 
--

CREATE TABLE daily_build_status (
    id integer NOT NULL,
    daily_build_user character varying(100) NOT NULL,
    status character varying(100) NOT NULL,
    last_checked_time timestamp without time zone DEFAULT now(),
    bundle character varying(100) NOT NULL,
    machine_os character varying(100),
    local_ip character varying(30),
    branch character varying(30),
    release character varying(30),
    run_id character varying(100),
    build_path character varying(1000)
);


ALTER TABLE public.daily_build_status OWNER TO postgres;

--
-- TOC entry 2384 (class 0 OID 0)
-- Dependencies: 174
-- Name: TABLE daily_build_status; Type: COMMENT; Schema: public; Owner: postgres
--

COMMENT ON TABLE daily_build_status IS 'Contains daily build status information.
';


--
-- TOC entry 2385 (class 0 OID 0)
-- Dependencies: 174
-- Name: COLUMN daily_build_status.id; Type: COMMENT; Schema: public; Owner: postgres
--

COMMENT ON COLUMN daily_build_status.id IS 'Database index use only';


--
-- TOC entry 2386 (class 0 OID 0)
-- Dependencies: 174
-- Name: COLUMN daily_build_status.daily_build_user; Type: COMMENT; Schema: public; Owner: postgres
--

COMMENT ON COLUMN daily_build_status.daily_build_user IS 'Daily build User';


--
-- TOC entry 2387 (class 0 OID 0)
-- Dependencies: 174
-- Name: COLUMN daily_build_status.status; Type: COMMENT; Schema: public; Owner: postgres
--

COMMENT ON COLUMN daily_build_status.status IS 'Used to report the Status of the daily build';


--
-- TOC entry 2388 (class 0 OID 0)
-- Dependencies: 174
-- Name: COLUMN daily_build_status.last_checked_time; Type: COMMENT; Schema: public; Owner: postgres
--

COMMENT ON COLUMN daily_build_status.last_checked_time IS 'timestamp of last checked for the daliy bulid';


--
-- TOC entry 2389 (class 0 OID 0)
-- Dependencies: 174
-- Name: COLUMN daily_build_status.bundle; Type: COMMENT; Schema: public; Owner: postgres
--

COMMENT ON COLUMN daily_build_status.bundle IS 'Desktop Bundle number';


--
-- TOC entry 2390 (class 0 OID 0)
-- Dependencies: 174
-- Name: COLUMN daily_build_status.machine_os; Type: COMMENT; Schema: public; Owner: postgres
--

COMMENT ON COLUMN daily_build_status.machine_os IS 'Operating System';


--
-- TOC entry 2391 (class 0 OID 0)
-- Dependencies: 174
-- Name: COLUMN daily_build_status.local_ip; Type: COMMENT; Schema: public; Owner: postgres
--

COMMENT ON COLUMN daily_build_status.local_ip IS 'ip address of SUT';


--
-- TOC entry 2392 (class 0 OID 0)
-- Dependencies: 174
-- Name: COLUMN daily_build_status.branch; Type: COMMENT; Schema: public; Owner: postgres
--

COMMENT ON COLUMN daily_build_status.branch IS 'Build Branch (ie. SCM, Tachyon, jenkins)';


--
-- TOC entry 2393 (class 0 OID 0)
-- Dependencies: 174
-- Name: COLUMN daily_build_status.release; Type: COMMENT; Schema: public; Owner: postgres
--

COMMENT ON COLUMN daily_build_status.release IS 'Desktop Release';


--
-- TOC entry 2394 (class 0 OID 0)
-- Dependencies: 174
-- Name: COLUMN daily_build_status.run_id; Type: COMMENT; Schema: public; Owner: postgres
--

COMMENT ON COLUMN daily_build_status.run_id IS 'Run ID for the Current Test Run';


--
-- TOC entry 2395 (class 0 OID 0)
-- Dependencies: 174
-- Name: COLUMN daily_build_status.build_path; Type: COMMENT; Schema: public; Owner: postgres
--

COMMENT ON COLUMN daily_build_status.build_path IS 'path to build location';


--
-- TOC entry 175 (class 1259 OID 41163)
-- Name: daily_build_status_id_seq; Type: SEQUENCE; Schema: public; Owner: postgres
--

CREATE SEQUENCE daily_build_status_id_seq
    START WITH 1
    INCREMENT BY 1
    NO MINVALUE
    NO MAXVALUE
    CACHE 1;


ALTER TABLE public.daily_build_status_id_seq OWNER TO postgres;

--
-- TOC entry 2396 (class 0 OID 0)
-- Dependencies: 175
-- Name: daily_build_status_id_seq; Type: SEQUENCE OWNED BY; Schema: public; Owner: postgres
--

ALTER SEQUENCE daily_build_status_id_seq OWNED BY daily_build_status.id;


--
-- TOC entry 176 (class 1259 OID 41165)
-- Name: execution_log; Type: TABLE; Schema: public; Owner: postgres; Tablespace: 
--

CREATE TABLE execution_log (
    executionlogid integer NOT NULL,
    logid character varying(40),
    modulename character varying(60) NOT NULL,
    details text,
    status character varying(100) NOT NULL,
    loglevel integer NOT NULL,
    tstamp timestamp without time zone DEFAULT now()
);


ALTER TABLE public.execution_log OWNER TO postgres;

--
-- TOC entry 2397 (class 0 OID 0)
-- Dependencies: 176
-- Name: TABLE execution_log; Type: COMMENT; Schema: public; Owner: postgres
--

COMMENT ON TABLE execution_log IS 'Contains detailed information on the execution of tasks.
For Example: Module CloseDTM: DTSGeneral was executed were Desktop Manager window not found ';


--
-- TOC entry 2398 (class 0 OID 0)
-- Dependencies: 176
-- Name: COLUMN execution_log.executionlogid; Type: COMMENT; Schema: public; Owner: postgres
--

COMMENT ON COLUMN execution_log.executionlogid IS 'execution log id';


--
-- TOC entry 2399 (class 0 OID 0)
-- Dependencies: 176
-- Name: COLUMN execution_log.modulename; Type: COMMENT; Schema: public; Owner: postgres
--

COMMENT ON COLUMN execution_log.modulename IS 'module name that is being executed';


--
-- TOC entry 2400 (class 0 OID 0)
-- Dependencies: 176
-- Name: COLUMN execution_log.details; Type: COMMENT; Schema: public; Owner: postgres
--

COMMENT ON COLUMN execution_log.details IS 'A text description of the task being executed';


--
-- TOC entry 2401 (class 0 OID 0)
-- Dependencies: 176
-- Name: COLUMN execution_log.loglevel; Type: COMMENT; Schema: public; Owner: postgres
--

COMMENT ON COLUMN execution_log.loglevel IS 'log level = (1, 2, 3)';


--
-- TOC entry 2402 (class 0 OID 0)
-- Dependencies: 176
-- Name: COLUMN execution_log.tstamp; Type: COMMENT; Schema: public; Owner: postgres
--

COMMENT ON COLUMN execution_log.tstamp IS 'Timestamp';


--
-- TOC entry 177 (class 1259 OID 41172)
-- Name: executionlog_executionlogid_seq; Type: SEQUENCE; Schema: public; Owner: postgres
--

CREATE SEQUENCE executionlog_executionlogid_seq
    START WITH 1
    INCREMENT BY 1
    NO MINVALUE
    NO MAXVALUE
    CACHE 1;


ALTER TABLE public.executionlog_executionlogid_seq OWNER TO postgres;

--
-- TOC entry 2404 (class 0 OID 0)
-- Dependencies: 177
-- Name: executionlog_executionlogid_seq; Type: SEQUENCE OWNED BY; Schema: public; Owner: postgres
--

ALTER SEQUENCE executionlog_executionlogid_seq OWNED BY execution_log.executionlogid;


--
-- TOC entry 178 (class 1259 OID 41174)
-- Name: expected; Type: TABLE; Schema: public; Owner: postgres; Tablespace: 
--

CREATE TABLE expected (
    expectedid integer NOT NULL,
    expectedrefid character varying(20) NOT NULL,
    entity character varying(20) NOT NULL,
    devicefilepath text NOT NULL,
    md5whole character varying(100),
    md5content character varying(100),
    propertyid character varying(20)
);


ALTER TABLE public.expected OWNER TO postgres;

--
-- TOC entry 2405 (class 0 OID 0)
-- Dependencies: 178
-- Name: TABLE expected; Type: COMMENT; Schema: public; Owner: postgres
--

COMMENT ON TABLE expected IS 'Contains expected data items for a particular data set.
For Example: MD5 values for a track.';


--
-- TOC entry 2406 (class 0 OID 0)
-- Dependencies: 178
-- Name: COLUMN expected.expectedid; Type: COMMENT; Schema: public; Owner: postgres
--

COMMENT ON COLUMN expected.expectedid IS 'Database index use only';


--
-- TOC entry 2407 (class 0 OID 0)
-- Dependencies: 178
-- Name: COLUMN expected.expectedrefid; Type: COMMENT; Schema: public; Owner: postgres
--

COMMENT ON COLUMN expected.expectedrefid IS 'Expected Reference ID';


--
-- TOC entry 2408 (class 0 OID 0)
-- Dependencies: 178
-- Name: COLUMN expected.entity; Type: COMMENT; Schema: public; Owner: postgres
--

COMMENT ON COLUMN expected.entity IS 'Type of entity (ie. Track, File, Folder, etc)';


--
-- TOC entry 2409 (class 0 OID 0)
-- Dependencies: 178
-- Name: COLUMN expected.devicefilepath; Type: COMMENT; Schema: public; Owner: postgres
--

COMMENT ON COLUMN expected.devicefilepath IS 'Device filepath to entity';


--
-- TOC entry 2410 (class 0 OID 0)
-- Dependencies: 178
-- Name: COLUMN expected.md5whole; Type: COMMENT; Schema: public; Owner: postgres
--

COMMENT ON COLUMN expected.md5whole IS 'MD5 value';


--
-- TOC entry 179 (class 1259 OID 41180)
-- Name: expectedcontainer_expectedplaylistid_seq; Type: SEQUENCE; Schema: public; Owner: postgres
--

CREATE SEQUENCE expectedcontainer_expectedplaylistid_seq
    START WITH 101
    INCREMENT BY 1
    NO MINVALUE
    NO MAXVALUE
    CACHE 1;


ALTER TABLE public.expectedcontainer_expectedplaylistid_seq OWNER TO postgres;

--
-- TOC entry 180 (class 1259 OID 41182)
-- Name: expected_container; Type: TABLE; Schema: public; Owner: postgres; Tablespace: 
--

CREATE TABLE expected_container (
    expectedplaylistid integer DEFAULT nextval('expectedcontainer_expectedplaylistid_seq'::regclass) NOT NULL,
    exprefid character varying(20) NOT NULL,
    container_name character varying(30) NOT NULL,
    exporderid character varying(20)
);


ALTER TABLE public.expected_container OWNER TO postgres;

--
-- TOC entry 2412 (class 0 OID 0)
-- Dependencies: 180
-- Name: TABLE expected_container; Type: COMMENT; Schema: public; Owner: postgres
--

COMMENT ON TABLE expected_container IS 'Contains expected data information.
For Example: exprefid Exp1 contains 3 container_name (aka playlists)';


--
-- TOC entry 2413 (class 0 OID 0)
-- Dependencies: 180
-- Name: COLUMN expected_container.expectedplaylistid; Type: COMMENT; Schema: public; Owner: postgres
--

COMMENT ON COLUMN expected_container.expectedplaylistid IS 'Database index use only';


--
-- TOC entry 2414 (class 0 OID 0)
-- Dependencies: 180
-- Name: COLUMN expected_container.exprefid; Type: COMMENT; Schema: public; Owner: postgres
--

COMMENT ON COLUMN expected_container.exprefid IS 'Expected Reference ID';


--
-- TOC entry 2415 (class 0 OID 0)
-- Dependencies: 180
-- Name: COLUMN expected_container.container_name; Type: COMMENT; Schema: public; Owner: postgres
--

COMMENT ON COLUMN expected_container.container_name IS 'Container Name (ie. playlist)';


--
-- TOC entry 2416 (class 0 OID 0)
-- Dependencies: 180
-- Name: COLUMN expected_container.exporderid; Type: COMMENT; Schema: public; Owner: postgres
--

COMMENT ON COLUMN expected_container.exporderid IS 'Expected Order';


--
-- TOC entry 181 (class 1259 OID 41186)
-- Name: expected_container_items; Type: TABLE; Schema: public; Owner: postgres; Tablespace: 
--

CREATE TABLE expected_container_items (
    expectedpropertyid integer NOT NULL,
    propertyid character varying(20) NOT NULL,
    property character varying(100) NOT NULL,
    propvalue character varying(100) NOT NULL
);


ALTER TABLE public.expected_container_items OWNER TO postgres;

--
-- TOC entry 2418 (class 0 OID 0)
-- Dependencies: 181
-- Name: TABLE expected_container_items; Type: COMMENT; Schema: public; Owner: postgres
--

COMMENT ON TABLE expected_container_items IS 'Contains expected media data items and their values.

For Example: An Artist (aka property) is equal to ''John Lenon'' (aka propvalue)';


--
-- TOC entry 2419 (class 0 OID 0)
-- Dependencies: 181
-- Name: COLUMN expected_container_items.expectedpropertyid; Type: COMMENT; Schema: public; Owner: postgres
--

COMMENT ON COLUMN expected_container_items.expectedpropertyid IS 'Database index use only';


--
-- TOC entry 2420 (class 0 OID 0)
-- Dependencies: 181
-- Name: COLUMN expected_container_items.propertyid; Type: COMMENT; Schema: public; Owner: postgres
--

COMMENT ON COLUMN expected_container_items.propertyid IS 'Property ID';


--
-- TOC entry 2421 (class 0 OID 0)
-- Dependencies: 181
-- Name: COLUMN expected_container_items.property; Type: COMMENT; Schema: public; Owner: postgres
--

COMMENT ON COLUMN expected_container_items.property IS 'property (ie. Artist, Album, Genre)';


--
-- TOC entry 2422 (class 0 OID 0)
-- Dependencies: 181
-- Name: COLUMN expected_container_items.propvalue; Type: COMMENT; Schema: public; Owner: postgres
--

COMMENT ON COLUMN expected_container_items.propvalue IS 'Value of the Property';


--
-- TOC entry 182 (class 1259 OID 41189)
-- Name: expected_datasets; Type: TABLE; Schema: public; Owner: postgres; Tablespace: 
--

CREATE TABLE expected_datasets (
    expectedrefid character varying(20) NOT NULL,
    dataid character varying(20) NOT NULL,
    datasetid character varying(20),
    stepsseq integer NOT NULL
);


ALTER TABLE public.expected_datasets OWNER TO postgres;

--
-- TOC entry 2424 (class 0 OID 0)
-- Dependencies: 182
-- Name: COLUMN expected_datasets.expectedrefid; Type: COMMENT; Schema: public; Owner: postgres
--

COMMENT ON COLUMN expected_datasets.expectedrefid IS 'Database use only.';


--
-- TOC entry 2425 (class 0 OID 0)
-- Dependencies: 182
-- Name: COLUMN expected_datasets.dataid; Type: COMMENT; Schema: public; Owner: postgres
--

COMMENT ON COLUMN expected_datasets.dataid IS 'Data Id for referenceing table elements';


--
-- TOC entry 2426 (class 0 OID 0)
-- Dependencies: 182
-- Name: COLUMN expected_datasets.datasetid; Type: COMMENT; Schema: public; Owner: postgres
--

COMMENT ON COLUMN expected_datasets.datasetid IS 'Data Set ID';


--
-- TOC entry 2427 (class 0 OID 0)
-- Dependencies: 182
-- Name: COLUMN expected_datasets.stepsseq; Type: COMMENT; Schema: public; Owner: postgres
--

COMMENT ON COLUMN expected_datasets.stepsseq IS 'Step Sequence number';


--
-- TOC entry 183 (class 1259 OID 41192)
-- Name: expected_expectedid_seq; Type: SEQUENCE; Schema: public; Owner: postgres
--

CREATE SEQUENCE expected_expectedid_seq
    START WITH 1
    INCREMENT BY 1
    NO MINVALUE
    NO MAXVALUE
    CACHE 1;


ALTER TABLE public.expected_expectedid_seq OWNER TO postgres;

--
-- TOC entry 2429 (class 0 OID 0)
-- Dependencies: 183
-- Name: expected_expectedid_seq; Type: SEQUENCE OWNED BY; Schema: public; Owner: postgres
--

ALTER SEQUENCE expected_expectedid_seq OWNED BY expected.expectedid;


--
-- TOC entry 184 (class 1259 OID 41194)
-- Name: expectedproperty_expectedpropertyid_seq; Type: SEQUENCE; Schema: public; Owner: postgres
--

CREATE SEQUENCE expectedproperty_expectedpropertyid_seq
    START WITH 1
    INCREMENT BY 1
    NO MINVALUE
    NO MAXVALUE
    CACHE 1;


ALTER TABLE public.expectedproperty_expectedpropertyid_seq OWNER TO postgres;

--
-- TOC entry 2430 (class 0 OID 0)
-- Dependencies: 184
-- Name: expectedproperty_expectedpropertyid_seq; Type: SEQUENCE OWNED BY; Schema: public; Owner: postgres
--

ALTER SEQUENCE expectedproperty_expectedpropertyid_seq OWNED BY expected_container_items.expectedpropertyid;


--
-- TOC entry 185 (class 1259 OID 41196)
-- Name: master_data; Type: TABLE; Schema: public; Owner: postgres; Tablespace: 
--

CREATE TABLE master_data (
    id character varying(30) NOT NULL,
    field character varying(50) NOT NULL,
    value text NOT NULL
);


ALTER TABLE public.master_data OWNER TO postgres;

--
-- TOC entry 186 (class 1259 OID 41202)
-- Name: performance_results; Type: TABLE; Schema: public; Owner: postgres; Tablespace: 
--

CREATE TABLE performance_results (
    id integer NOT NULL,
    product_version character varying(300) NOT NULL,
    tc_id character varying(20) NOT NULL,
    run_id character varying(100),
    duration interval,
    cpu_avg integer,
    cpu_peak integer,
    machine_os character varying(100),
    hw_model character varying(50),
    memory_delta integer,
    cpu_peaktime time without time zone
);


ALTER TABLE public.performance_results OWNER TO postgres;

--
-- TOC entry 2431 (class 0 OID 0)
-- Dependencies: 186
-- Name: COLUMN performance_results.id; Type: COMMENT; Schema: public; Owner: postgres
--

COMMENT ON COLUMN performance_results.id IS 'Database index use only';


--
-- TOC entry 187 (class 1259 OID 41208)
-- Name: performanceresults_id_seq; Type: SEQUENCE; Schema: public; Owner: postgres
--

CREATE SEQUENCE performanceresults_id_seq
    START WITH 1
    INCREMENT BY 1
    NO MINVALUE
    NO MAXVALUE
    CACHE 1;


ALTER TABLE public.performanceresults_id_seq OWNER TO postgres;

--
-- TOC entry 2432 (class 0 OID 0)
-- Dependencies: 187
-- Name: performanceresults_id_seq; Type: SEQUENCE OWNED BY; Schema: public; Owner: postgres
--

ALTER SEQUENCE performanceresults_id_seq OWNED BY performance_results.id;


--
-- TOC entry 188 (class 1259 OID 41210)
-- Name: permitted_user_list; Type: TABLE; Schema: public; Owner: postgres; Tablespace: 
--

CREATE TABLE permitted_user_list (
    user_names character varying(255) NOT NULL,
    user_level character varying(255),
    email character varying(100) NOT NULL
);


ALTER TABLE public.permitted_user_list OWNER TO postgres;

--
-- TOC entry 189 (class 1259 OID 41216)
-- Name: product_sections; Type: TABLE; Schema: public; Owner: postgres; Tablespace: 
--

CREATE TABLE product_sections (
    section_id integer NOT NULL,
    section_path ltree NOT NULL
);


ALTER TABLE public.product_sections OWNER TO postgres;

--
-- TOC entry 190 (class 1259 OID 41222)
-- Name: product_sections_section_id_seq; Type: SEQUENCE; Schema: public; Owner: postgres
--

CREATE SEQUENCE product_sections_section_id_seq
    START WITH 1
    INCREMENT BY 1
    NO MINVALUE
    NO MAXVALUE
    CACHE 1;


ALTER TABLE public.product_sections_section_id_seq OWNER TO postgres;

--
-- TOC entry 2434 (class 0 OID 0)
-- Dependencies: 190
-- Name: product_sections_section_id_seq; Type: SEQUENCE OWNED BY; Schema: public; Owner: postgres
--

ALTER SEQUENCE product_sections_section_id_seq OWNED BY product_sections.section_id;


--
-- TOC entry 191 (class 1259 OID 41224)
-- Name: test_cases; Type: TABLE; Schema: public; Owner: postgres; Tablespace: 
--

CREATE TABLE test_cases (
    tc_id character varying(10) NOT NULL,
    tc_name character varying(100) NOT NULL,
    tc_type character varying(10) NOT NULL,
    tc_executiontype character varying(20),
    tc_priority character varying(10),
    tc_localization character varying(10) NOT NULL,
    tc_createdby character varying(40) NOT NULL,
    tc_creationdate date NOT NULL,
    tc_modifiedby character varying(40) NOT NULL,
    tc_modifydate date NOT NULL,
    defectid character varying(15),
    prd_no character varying(15)
);


ALTER TABLE public.test_cases OWNER TO postgres;

--
-- TOC entry 2435 (class 0 OID 0)
-- Dependencies: 191
-- Name: COLUMN test_cases.tc_id; Type: COMMENT; Schema: public; Owner: postgres
--

COMMENT ON COLUMN test_cases.tc_id IS 'Test Case id for referenceing a test case';


--
-- TOC entry 2436 (class 0 OID 0)
-- Dependencies: 191
-- Name: COLUMN test_cases.tc_name; Type: COMMENT; Schema: public; Owner: postgres
--

COMMENT ON COLUMN test_cases.tc_name IS 'Test Case Name';


--
-- TOC entry 2437 (class 0 OID 0)
-- Dependencies: 191
-- Name: COLUMN test_cases.tc_type; Type: COMMENT; Schema: public; Owner: postgres
--

COMMENT ON COLUMN test_cases.tc_type IS 'Test Case Type (ie. Auto, Perfor)';


--
-- TOC entry 2438 (class 0 OID 0)
-- Dependencies: 191
-- Name: COLUMN test_cases.tc_localization; Type: COMMENT; Schema: public; Owner: postgres
--

COMMENT ON COLUMN test_cases.tc_localization IS 'Test Case Localization (yes, no)';


--
-- TOC entry 2439 (class 0 OID 0)
-- Dependencies: 191
-- Name: COLUMN test_cases.tc_createdby; Type: COMMENT; Schema: public; Owner: postgres
--

COMMENT ON COLUMN test_cases.tc_createdby IS 'name of the person who created the test case';


--
-- TOC entry 2440 (class 0 OID 0)
-- Dependencies: 191
-- Name: COLUMN test_cases.tc_creationdate; Type: COMMENT; Schema: public; Owner: postgres
--

COMMENT ON COLUMN test_cases.tc_creationdate IS 'Creation Date';


--
-- TOC entry 2441 (class 0 OID 0)
-- Dependencies: 191
-- Name: COLUMN test_cases.tc_modifiedby; Type: COMMENT; Schema: public; Owner: postgres
--

COMMENT ON COLUMN test_cases.tc_modifiedby IS 'Person who last modified the test case';


--
-- TOC entry 2442 (class 0 OID 0)
-- Dependencies: 191
-- Name: COLUMN test_cases.tc_modifydate; Type: COMMENT; Schema: public; Owner: postgres
--

COMMENT ON COLUMN test_cases.tc_modifydate IS 'Modification Date';


--
-- TOC entry 192 (class 1259 OID 41227)
-- Name: test; Type: VIEW; Schema: public; Owner: postgres
--

CREATE VIEW test AS
    SELECT testcases.tc_id, testcases.tc_name, testcases.tc_type, testcases.tc_executiontype, testcases.tc_priority, testcases.tc_localization, testcases.tc_createdby, testcases.tc_creationdate, testcases.tc_modifiedby, testcases.tc_modifydate, testcases.defectid, testcases.prd_no FROM test_cases testcases;


ALTER TABLE public.test OWNER TO postgres;

--
-- TOC entry 193 (class 1259 OID 41231)
-- Name: test_case_datasets; Type: TABLE; Schema: public; Owner: postgres; Tablespace: 
--

CREATE TABLE test_case_datasets (
    tcdatasetid character varying(20) NOT NULL,
    tc_id character varying(10),
    execornot character varying(10) NOT NULL,
    data_type text NOT NULL
);


ALTER TABLE public.test_case_datasets OWNER TO postgres;

--
-- TOC entry 2444 (class 0 OID 0)
-- Dependencies: 193
-- Name: COLUMN test_case_datasets.tcdatasetid; Type: COMMENT; Schema: public; Owner: postgres
--

COMMENT ON COLUMN test_case_datasets.tcdatasetid IS 'Test Case Data Set ID';


--
-- TOC entry 2445 (class 0 OID 0)
-- Dependencies: 193
-- Name: COLUMN test_case_datasets.tc_id; Type: COMMENT; Schema: public; Owner: postgres
--

COMMENT ON COLUMN test_case_datasets.tc_id IS 'Test Case ID';


--
-- TOC entry 2446 (class 0 OID 0)
-- Dependencies: 193
-- Name: COLUMN test_case_datasets.execornot; Type: COMMENT; Schema: public; Owner: postgres
--

COMMENT ON COLUMN test_case_datasets.execornot IS 'Execute Test Case = Yes or No';


--
-- TOC entry 2447 (class 0 OID 0)
-- Dependencies: 193
-- Name: COLUMN test_case_datasets.data_type; Type: COMMENT; Schema: public; Owner: postgres
--

COMMENT ON COLUMN test_case_datasets.data_type IS 'Default';


--
-- TOC entry 194 (class 1259 OID 41237)
-- Name: test_case_results; Type: TABLE; Schema: public; Owner: postgres; Tablespace: 
--

CREATE TABLE test_case_results (
    id integer NOT NULL,
    run_id character varying(100) NOT NULL,
    tc_id character varying(20) NOT NULL,
    status character varying(20),
    teststarttime timestamp without time zone,
    testendtime timestamp without time zone,
    duration interval,
    failreason character varying(200),
    faildetail text,
    logid character varying(150),
    screenshotsid character varying(40),
    automationlogid character varying(40)
);


ALTER TABLE public.test_case_results OWNER TO postgres;

--
-- TOC entry 2449 (class 0 OID 0)
-- Dependencies: 194
-- Name: COLUMN test_case_results.id; Type: COMMENT; Schema: public; Owner: postgres
--

COMMENT ON COLUMN test_case_results.id IS 'Database index use only';


--
-- TOC entry 2450 (class 0 OID 0)
-- Dependencies: 194
-- Name: COLUMN test_case_results.run_id; Type: COMMENT; Schema: public; Owner: postgres
--

COMMENT ON COLUMN test_case_results.run_id IS 'Run ID for the Current Test Run';


--
-- TOC entry 2451 (class 0 OID 0)
-- Dependencies: 194
-- Name: COLUMN test_case_results.tc_id; Type: COMMENT; Schema: public; Owner: postgres
--

COMMENT ON COLUMN test_case_results.tc_id IS 'Test Case ID';


--
-- TOC entry 2452 (class 0 OID 0)
-- Dependencies: 194
-- Name: COLUMN test_case_results.status; Type: COMMENT; Schema: public; Owner: postgres
--

COMMENT ON COLUMN test_case_results.status IS 'Status = (In-Progress, Submitted, Failed, Passed)';


--
-- TOC entry 2453 (class 0 OID 0)
-- Dependencies: 194
-- Name: COLUMN test_case_results.teststarttime; Type: COMMENT; Schema: public; Owner: postgres
--

COMMENT ON COLUMN test_case_results.teststarttime IS 'Test Start Time';


--
-- TOC entry 2454 (class 0 OID 0)
-- Dependencies: 194
-- Name: COLUMN test_case_results.testendtime; Type: COMMENT; Schema: public; Owner: postgres
--

COMMENT ON COLUMN test_case_results.testendtime IS 'Test End Time';


--
-- TOC entry 2455 (class 0 OID 0)
-- Dependencies: 194
-- Name: COLUMN test_case_results.duration; Type: COMMENT; Schema: public; Owner: postgres
--

COMMENT ON COLUMN test_case_results.duration IS 'Duration of Test Case to complete';


--
-- TOC entry 2456 (class 0 OID 0)
-- Dependencies: 194
-- Name: COLUMN test_case_results.logid; Type: COMMENT; Schema: public; Owner: postgres
--

COMMENT ON COLUMN test_case_results.logid IS 'location of log file (zipped format)';


--
-- TOC entry 195 (class 1259 OID 41243)
-- Name: test_case_tag; Type: TABLE; Schema: public; Owner: postgres; Tablespace: 
--

CREATE TABLE test_case_tag (
    tc_id character varying(10) NOT NULL,
    name character varying(100) NOT NULL,
    property character varying(100) NOT NULL
);


ALTER TABLE public.test_case_tag OWNER TO postgres;

--
-- TOC entry 2458 (class 0 OID 0)
-- Dependencies: 195
-- Name: COLUMN test_case_tag.tc_id; Type: COMMENT; Schema: public; Owner: postgres
--

COMMENT ON COLUMN test_case_tag.tc_id IS 'Test Case ID';


--
-- TOC entry 2459 (class 0 OID 0)
-- Dependencies: 195
-- Name: COLUMN test_case_tag.name; Type: COMMENT; Schema: public; Owner: postgres
--

COMMENT ON COLUMN test_case_tag.name IS 'Tag Valule';


--
-- TOC entry 196 (class 1259 OID 41246)
-- Name: test_data_sets; Type: TABLE; Schema: public; Owner: postgres; Tablespace: 
--

CREATE TABLE test_data_sets (
    id integer NOT NULL,
    testdatasetid character varying(20) NOT NULL,
    dataid character varying(10)
);


ALTER TABLE public.test_data_sets OWNER TO postgres;

--
-- TOC entry 2460 (class 0 OID 0)
-- Dependencies: 196
-- Name: COLUMN test_data_sets.id; Type: COMMENT; Schema: public; Owner: postgres
--

COMMENT ON COLUMN test_data_sets.id IS 'Database index use only';


--
-- TOC entry 2461 (class 0 OID 0)
-- Dependencies: 196
-- Name: COLUMN test_data_sets.testdatasetid; Type: COMMENT; Schema: public; Owner: postgres
--

COMMENT ON COLUMN test_data_sets.testdatasetid IS 'Test Data Set ID';


--
-- TOC entry 2462 (class 0 OID 0)
-- Dependencies: 196
-- Name: COLUMN test_data_sets.dataid; Type: COMMENT; Schema: public; Owner: postgres
--

COMMENT ON COLUMN test_data_sets.dataid IS 'Data Id for referenceing table elements';


--
-- TOC entry 197 (class 1259 OID 41249)
-- Name: test_env_results; Type: TABLE; Schema: public; Owner: postgres; Tablespace: 
--

CREATE TABLE test_env_results (
    id integer NOT NULL,
    run_id text NOT NULL,
    tester_id character varying(100) NOT NULL,
    status character varying(20),
    teststarttime timestamp without time zone,
    testendtime timestamp without time zone,
    duration interval,
    rundescription character varying(200)
);


ALTER TABLE public.test_env_results OWNER TO postgres;

--
-- TOC entry 2463 (class 0 OID 0)
-- Dependencies: 197
-- Name: COLUMN test_env_results.id; Type: COMMENT; Schema: public; Owner: postgres
--

COMMENT ON COLUMN test_env_results.id IS 'Database index use only';


--
-- TOC entry 2464 (class 0 OID 0)
-- Dependencies: 197
-- Name: COLUMN test_env_results.run_id; Type: COMMENT; Schema: public; Owner: postgres
--

COMMENT ON COLUMN test_env_results.run_id IS 'Run ID for the Current Test Run';


--
-- TOC entry 2465 (class 0 OID 0)
-- Dependencies: 197
-- Name: COLUMN test_env_results.tester_id; Type: COMMENT; Schema: public; Owner: postgres
--

COMMENT ON COLUMN test_env_results.tester_id IS 'Tester User ID';


--
-- TOC entry 2466 (class 0 OID 0)
-- Dependencies: 197
-- Name: COLUMN test_env_results.status; Type: COMMENT; Schema: public; Owner: postgres
--

COMMENT ON COLUMN test_env_results.status IS 'Status (In-Progress, Complete, Failed, Passed, Submitted)';


--
-- TOC entry 2467 (class 0 OID 0)
-- Dependencies: 197
-- Name: COLUMN test_env_results.teststarttime; Type: COMMENT; Schema: public; Owner: postgres
--

COMMENT ON COLUMN test_env_results.teststarttime IS 'Test Start Time';


--
-- TOC entry 2468 (class 0 OID 0)
-- Dependencies: 197
-- Name: COLUMN test_env_results.testendtime; Type: COMMENT; Schema: public; Owner: postgres
--

COMMENT ON COLUMN test_env_results.testendtime IS 'Test End Time';


--
-- TOC entry 2469 (class 0 OID 0)
-- Dependencies: 197
-- Name: COLUMN test_env_results.duration; Type: COMMENT; Schema: public; Owner: postgres
--

COMMENT ON COLUMN test_env_results.duration IS 'Duration of Test Case';


--
-- TOC entry 2470 (class 0 OID 0)
-- Dependencies: 197
-- Name: COLUMN test_env_results.rundescription; Type: COMMENT; Schema: public; Owner: postgres
--

COMMENT ON COLUMN test_env_results.rundescription IS 'Description of the Test Run (test run parameter from the web site)';


--
-- TOC entry 198 (class 1259 OID 41255)
-- Name: test_run; Type: TABLE; Schema: public; Owner: postgres; Tablespace: 
--

CREATE TABLE test_run (
    id integer NOT NULL,
    run_id character varying(100) NOT NULL,
    tc_id character varying(20) NOT NULL,
    status character varying(20),
    executiontime date
);


ALTER TABLE public.test_run OWNER TO postgres;

--
-- TOC entry 2472 (class 0 OID 0)
-- Dependencies: 198
-- Name: COLUMN test_run.id; Type: COMMENT; Schema: public; Owner: postgres
--

COMMENT ON COLUMN test_run.id IS 'Database index use only';


--
-- TOC entry 2473 (class 0 OID 0)
-- Dependencies: 198
-- Name: COLUMN test_run.run_id; Type: COMMENT; Schema: public; Owner: postgres
--

COMMENT ON COLUMN test_run.run_id IS 'Run ID for the Current Test Run';


--
-- TOC entry 2474 (class 0 OID 0)
-- Dependencies: 198
-- Name: COLUMN test_run.tc_id; Type: COMMENT; Schema: public; Owner: postgres
--

COMMENT ON COLUMN test_run.tc_id IS 'Test Case ID';


--
-- TOC entry 199 (class 1259 OID 41258)
-- Name: test_run_env; Type: TABLE; Schema: public; Owner: postgres; Tablespace: 
--

CREATE TABLE test_run_env (
    id integer NOT NULL,
    run_id character varying(100),
    rundescription character varying(200),
    tester_id character varying(100) NOT NULL,
    status character varying(20),
    test_run_type character varying(100),
    machine_os character varying(100),
    client character varying(100),
    data_type character varying(100),
    last_updated_time character varying(255),
    product_version character varying(300),
    machine_ip character varying(30),
    email_notification text,
    test_objective character varying(50)
);


ALTER TABLE public.test_run_env OWNER TO postgres;

--
-- TOC entry 2476 (class 0 OID 0)
-- Dependencies: 199
-- Name: COLUMN test_run_env.id; Type: COMMENT; Schema: public; Owner: postgres
--

COMMENT ON COLUMN test_run_env.id IS 'Database index use only';


--
-- TOC entry 2477 (class 0 OID 0)
-- Dependencies: 199
-- Name: COLUMN test_run_env.run_id; Type: COMMENT; Schema: public; Owner: postgres
--

COMMENT ON COLUMN test_run_env.run_id IS 'Run ID for the Current Test Run';


--
-- TOC entry 2478 (class 0 OID 0)
-- Dependencies: 199
-- Name: COLUMN test_run_env.rundescription; Type: COMMENT; Schema: public; Owner: postgres
--

COMMENT ON COLUMN test_run_env.rundescription IS 'Description of the Test Run (test run parameter from the web site)';


--
-- TOC entry 2479 (class 0 OID 0)
-- Dependencies: 199
-- Name: COLUMN test_run_env.tester_id; Type: COMMENT; Schema: public; Owner: postgres
--

COMMENT ON COLUMN test_run_env.tester_id IS 'User ID of Tester';


--
-- TOC entry 2480 (class 0 OID 0)
-- Dependencies: 199
-- Name: COLUMN test_run_env.status; Type: COMMENT; Schema: public; Owner: postgres
--

COMMENT ON COLUMN test_run_env.status IS 'Status (Cancelled, Unassigned, In-Progress, Completed)';


--
-- TOC entry 2481 (class 0 OID 0)
-- Dependencies: 199
-- Name: COLUMN test_run_env.machine_os; Type: COMMENT; Schema: public; Owner: postgres
--

COMMENT ON COLUMN test_run_env.machine_os IS 'Operating System';


--
-- TOC entry 2482 (class 0 OID 0)
-- Dependencies: 199
-- Name: COLUMN test_run_env.client; Type: COMMENT; Schema: public; Owner: postgres
--

COMMENT ON COLUMN test_run_env.client IS 'Client (iTunes, WMP, Outlook, etc)';


--
-- TOC entry 2483 (class 0 OID 0)
-- Dependencies: 199
-- Name: COLUMN test_run_env.data_type; Type: COMMENT; Schema: public; Owner: postgres
--

COMMENT ON COLUMN test_run_env.data_type IS 'Default';


--
-- TOC entry 2484 (class 0 OID 0)
-- Dependencies: 199
-- Name: COLUMN test_run_env.last_updated_time; Type: COMMENT; Schema: public; Owner: postgres
--

COMMENT ON COLUMN test_run_env.last_updated_time IS 'timestamp for last update';


--
-- TOC entry 2485 (class 0 OID 0)
-- Dependencies: 199
-- Name: COLUMN test_run_env.product_version; Type: COMMENT; Schema: public; Owner: postgres
--

COMMENT ON COLUMN test_run_env.product_version IS 'Desktop Veriosn';


--
-- TOC entry 2486 (class 0 OID 0)
-- Dependencies: 199
-- Name: COLUMN test_run_env.machine_ip; Type: COMMENT; Schema: public; Owner: postgres
--

COMMENT ON COLUMN test_run_env.machine_ip IS 'IP Address of SUT.';


--
-- TOC entry 2487 (class 0 OID 0)
-- Dependencies: 199
-- Name: COLUMN test_run_env.email_notification; Type: COMMENT; Schema: public; Owner: postgres
--

COMMENT ON COLUMN test_run_env.email_notification IS 'E-mail Notification';


--
-- TOC entry 200 (class 1259 OID 41264)
-- Name: test_sets; Type: TABLE; Schema: public; Owner: postgres; Tablespace: 
--

CREATE TABLE test_sets (
    id integer NOT NULL,
    test_set_name character varying(200),
    tc_id character varying(20) NOT NULL,
    created_by character varying(100),
    testset_id character varying(255)
);


ALTER TABLE public.test_sets OWNER TO postgres;

--
-- TOC entry 2489 (class 0 OID 0)
-- Dependencies: 200
-- Name: COLUMN test_sets.id; Type: COMMENT; Schema: public; Owner: postgres
--

COMMENT ON COLUMN test_sets.id IS 'Database index use only';


--
-- TOC entry 2490 (class 0 OID 0)
-- Dependencies: 200
-- Name: COLUMN test_sets.test_set_name; Type: COMMENT; Schema: public; Owner: postgres
--

COMMENT ON COLUMN test_sets.test_set_name IS 'Test Set Name';


--
-- TOC entry 2491 (class 0 OID 0)
-- Dependencies: 200
-- Name: COLUMN test_sets.tc_id; Type: COMMENT; Schema: public; Owner: postgres
--

COMMENT ON COLUMN test_sets.tc_id IS 'Test Case ID';


--
-- TOC entry 2492 (class 0 OID 0)
-- Dependencies: 200
-- Name: COLUMN test_sets.created_by; Type: COMMENT; Schema: public; Owner: postgres
--

COMMENT ON COLUMN test_sets.created_by IS 'Creator of the Test Set';


--
-- TOC entry 2493 (class 0 OID 0)
-- Dependencies: 200
-- Name: COLUMN test_sets.testset_id; Type: COMMENT; Schema: public; Owner: postgres
--

COMMENT ON COLUMN test_sets.testset_id IS 'Test Set ID';


--
-- TOC entry 201 (class 1259 OID 41270)
-- Name: test_sets_id_seq; Type: SEQUENCE; Schema: public; Owner: postgres
--

CREATE SEQUENCE test_sets_id_seq
    START WITH 1
    INCREMENT BY 1
    NO MINVALUE
    NO MAXVALUE
    CACHE 1;


ALTER TABLE public.test_sets_id_seq OWNER TO postgres;

--
-- TOC entry 2494 (class 0 OID 0)
-- Dependencies: 201
-- Name: test_sets_id_seq; Type: SEQUENCE OWNED BY; Schema: public; Owner: postgres
--

ALTER SEQUENCE test_sets_id_seq OWNED BY test_sets.id;


--
-- TOC entry 202 (class 1259 OID 41272)
-- Name: test_step_results; Type: TABLE; Schema: public; Owner: postgres; Tablespace: 
--

CREATE TABLE test_step_results (
    id integer NOT NULL,
    run_id character varying(100) NOT NULL,
    tc_id character varying(20) NOT NULL,
    teststep_id integer NOT NULL,
    status character varying(20),
    stepstarttime timestamp without time zone,
    stependtime timestamp without time zone,
    duration interval,
    failreason character varying(200),
    faildetail text,
    logid character varying(100),
    start_memory character varying(100),
    end_memory character varying(100),
    memory_consumed character varying(100),
    teststepsequence integer,
    testcaseresulttindex integer
);


ALTER TABLE public.test_step_results OWNER TO postgres;

--
-- TOC entry 2495 (class 0 OID 0)
-- Dependencies: 202
-- Name: COLUMN test_step_results.id; Type: COMMENT; Schema: public; Owner: postgres
--

COMMENT ON COLUMN test_step_results.id IS 'Database index use only';


--
-- TOC entry 2496 (class 0 OID 0)
-- Dependencies: 202
-- Name: COLUMN test_step_results.run_id; Type: COMMENT; Schema: public; Owner: postgres
--

COMMENT ON COLUMN test_step_results.run_id IS 'Run ID for the Current Test Run';


--
-- TOC entry 2497 (class 0 OID 0)
-- Dependencies: 202
-- Name: COLUMN test_step_results.tc_id; Type: COMMENT; Schema: public; Owner: postgres
--

COMMENT ON COLUMN test_step_results.tc_id IS 'Test Case ID';


--
-- TOC entry 2498 (class 0 OID 0)
-- Dependencies: 202
-- Name: COLUMN test_step_results.teststep_id; Type: COMMENT; Schema: public; Owner: postgres
--

COMMENT ON COLUMN test_step_results.teststep_id IS 'Test Step ID';


--
-- TOC entry 2499 (class 0 OID 0)
-- Dependencies: 202
-- Name: COLUMN test_step_results.status; Type: COMMENT; Schema: public; Owner: postgres
--

COMMENT ON COLUMN test_step_results.status IS 'Test Step Status (Pass, Fail, In-Progress)';


--
-- TOC entry 2500 (class 0 OID 0)
-- Dependencies: 202
-- Name: COLUMN test_step_results.stepstarttime; Type: COMMENT; Schema: public; Owner: postgres
--

COMMENT ON COLUMN test_step_results.stepstarttime IS 'Start Time of Test Step';


--
-- TOC entry 2501 (class 0 OID 0)
-- Dependencies: 202
-- Name: COLUMN test_step_results.stependtime; Type: COMMENT; Schema: public; Owner: postgres
--

COMMENT ON COLUMN test_step_results.stependtime IS 'End Time of Test Step';


--
-- TOC entry 2502 (class 0 OID 0)
-- Dependencies: 202
-- Name: COLUMN test_step_results.duration; Type: COMMENT; Schema: public; Owner: postgres
--

COMMENT ON COLUMN test_step_results.duration IS 'Duration of Test Step';


--
-- TOC entry 2503 (class 0 OID 0)
-- Dependencies: 202
-- Name: COLUMN test_step_results.memory_consumed; Type: COMMENT; Schema: public; Owner: postgres
--

COMMENT ON COLUMN test_step_results.memory_consumed IS 'memory consumtion metric';


--
-- TOC entry 2504 (class 0 OID 0)
-- Dependencies: 202
-- Name: COLUMN test_step_results.teststepsequence; Type: COMMENT; Schema: public; Owner: postgres
--

COMMENT ON COLUMN test_step_results.teststepsequence IS 'Test Step Sequence Number';


--
-- TOC entry 2505 (class 0 OID 0)
-- Dependencies: 202
-- Name: COLUMN test_step_results.testcaseresulttindex; Type: COMMENT; Schema: public; Owner: postgres
--

COMMENT ON COLUMN test_step_results.testcaseresulttindex IS 'Test Case Results Index';


--
-- TOC entry 203 (class 1259 OID 41278)
-- Name: teststepstemp_teststepsequence_seq; Type: SEQUENCE; Schema: public; Owner: postgres
--

CREATE SEQUENCE teststepstemp_teststepsequence_seq
    START WITH 10
    INCREMENT BY 10
    NO MINVALUE
    NO MAXVALUE
    CACHE 1;


ALTER TABLE public.teststepstemp_teststepsequence_seq OWNER TO postgres;

--
-- TOC entry 204 (class 1259 OID 41280)
-- Name: test_steps; Type: TABLE; Schema: public; Owner: postgres; Tablespace: 
--

CREATE TABLE test_steps (
    id integer NOT NULL,
    tc_id character varying(10),
    step_id integer NOT NULL,
    teststepsequence integer DEFAULT nextval('teststepstemp_teststepsequence_seq'::regclass),
    test_step_type character varying(20)
);


ALTER TABLE public.test_steps OWNER TO postgres;

--
-- TOC entry 2507 (class 0 OID 0)
-- Dependencies: 204
-- Name: COLUMN test_steps.id; Type: COMMENT; Schema: public; Owner: postgres
--

COMMENT ON COLUMN test_steps.id IS 'Database index use only';


--
-- TOC entry 2508 (class 0 OID 0)
-- Dependencies: 204
-- Name: COLUMN test_steps.tc_id; Type: COMMENT; Schema: public; Owner: postgres
--

COMMENT ON COLUMN test_steps.tc_id IS 'Test Case ID';


--
-- TOC entry 2509 (class 0 OID 0)
-- Dependencies: 204
-- Name: COLUMN test_steps.step_id; Type: COMMENT; Schema: public; Owner: postgres
--

COMMENT ON COLUMN test_steps.step_id IS 'Test Step ID (A reference to the test_steps_list of test steps)';


--
-- TOC entry 2510 (class 0 OID 0)
-- Dependencies: 204
-- Name: COLUMN test_steps.teststepsequence; Type: COMMENT; Schema: public; Owner: postgres
--

COMMENT ON COLUMN test_steps.teststepsequence IS 'Test Step Sequence';


--
-- TOC entry 205 (class 1259 OID 41284)
-- Name: test_steps_data; Type: TABLE; Schema: public; Owner: postgres; Tablespace: 
--

CREATE TABLE test_steps_data (
    id integer NOT NULL,
    tcdatasetid character varying(20),
    testdatasetid character varying(20) NOT NULL,
    teststepseq integer NOT NULL
);


ALTER TABLE public.test_steps_data OWNER TO postgres;

--
-- TOC entry 2512 (class 0 OID 0)
-- Dependencies: 205
-- Name: TABLE test_steps_data; Type: COMMENT; Schema: public; Owner: postgres
--

COMMENT ON TABLE test_steps_data IS 'Contains test step data adn the sequence number
For Example: ';


--
-- TOC entry 2513 (class 0 OID 0)
-- Dependencies: 205
-- Name: COLUMN test_steps_data.id; Type: COMMENT; Schema: public; Owner: postgres
--

COMMENT ON COLUMN test_steps_data.id IS 'Database index use only';


--
-- TOC entry 2514 (class 0 OID 0)
-- Dependencies: 205
-- Name: COLUMN test_steps_data.tcdatasetid; Type: COMMENT; Schema: public; Owner: postgres
--

COMMENT ON COLUMN test_steps_data.tcdatasetid IS 'Test Case Data Set ID';


--
-- TOC entry 2515 (class 0 OID 0)
-- Dependencies: 205
-- Name: COLUMN test_steps_data.testdatasetid; Type: COMMENT; Schema: public; Owner: postgres
--

COMMENT ON COLUMN test_steps_data.testdatasetid IS 'Test Data Set ID';


--
-- TOC entry 2516 (class 0 OID 0)
-- Dependencies: 205
-- Name: COLUMN test_steps_data.teststepseq; Type: COMMENT; Schema: public; Owner: postgres
--

COMMENT ON COLUMN test_steps_data.teststepseq IS 'Test Step Sequence Number';


--
-- TOC entry 206 (class 1259 OID 41287)
-- Name: test_steps_list; Type: TABLE; Schema: public; Owner: postgres; Tablespace: 
--

CREATE TABLE test_steps_list (
    step_id integer NOT NULL,
    stepname character varying(200) NOT NULL,
    description character varying(200),
    stepsection character varying(200) NOT NULL,
    steptype character varying(100) NOT NULL,
    data_required boolean
);


ALTER TABLE public.test_steps_list OWNER TO postgres;

--
-- TOC entry 2517 (class 0 OID 0)
-- Dependencies: 206
-- Name: COLUMN test_steps_list.step_id; Type: COMMENT; Schema: public; Owner: postgres
--

COMMENT ON COLUMN test_steps_list.step_id IS 'Database use only.';


--
-- TOC entry 2518 (class 0 OID 0)
-- Dependencies: 206
-- Name: COLUMN test_steps_list.stepname; Type: COMMENT; Schema: public; Owner: postgres
--

COMMENT ON COLUMN test_steps_list.stepname IS 'Name of the Test Stemp
For Example: Open DTS';


--
-- TOC entry 2519 (class 0 OID 0)
-- Dependencies: 206
-- Name: COLUMN test_steps_list.stepsection; Type: COMMENT; Schema: public; Owner: postgres
--

COMMENT ON COLUMN test_steps_list.stepsection IS 'Test Step functionality area (Music, Picture, Common, PIM)';


--
-- TOC entry 2520 (class 0 OID 0)
-- Dependencies: 206
-- Name: COLUMN test_steps_list.steptype; Type: COMMENT; Schema: public; Owner: postgres
--

COMMENT ON COLUMN test_steps_list.steptype IS 'Test Step Type (DTS, Client, Common)';


--
-- TOC entry 207 (class 1259 OID 41293)
-- Name: testcase_testcaseid_seq; Type: SEQUENCE; Schema: public; Owner: postgres
--

CREATE SEQUENCE testcase_testcaseid_seq
    START WITH 136
    INCREMENT BY 1
    NO MINVALUE
    NO MAXVALUE
    CACHE 1;


ALTER TABLE public.testcase_testcaseid_seq OWNER TO postgres;

--
-- TOC entry 208 (class 1259 OID 41295)
-- Name: testdataset_id_seq; Type: SEQUENCE; Schema: public; Owner: postgres
--

CREATE SEQUENCE testdataset_id_seq
    START WITH 1
    INCREMENT BY 1
    NO MINVALUE
    NO MAXVALUE
    CACHE 1;


ALTER TABLE public.testdataset_id_seq OWNER TO postgres;

--
-- TOC entry 2522 (class 0 OID 0)
-- Dependencies: 208
-- Name: testdataset_id_seq; Type: SEQUENCE OWNED BY; Schema: public; Owner: postgres
--

ALTER SEQUENCE testdataset_id_seq OWNED BY test_data_sets.id;


--
-- TOC entry 209 (class 1259 OID 41297)
-- Name: testenvresults_id; Type: SEQUENCE; Schema: public; Owner: postgres
--

CREATE SEQUENCE testenvresults_id
    START WITH 1
    INCREMENT BY 1
    NO MINVALUE
    NO MAXVALUE
    CACHE 1;


ALTER TABLE public.testenvresults_id OWNER TO postgres;

--
-- TOC entry 210 (class 1259 OID 41299)
-- Name: testenvresults_id_seq; Type: SEQUENCE; Schema: public; Owner: postgres
--

CREATE SEQUENCE testenvresults_id_seq
    START WITH 1
    INCREMENT BY 1
    NO MINVALUE
    NO MAXVALUE
    CACHE 1;


ALTER TABLE public.testenvresults_id_seq OWNER TO postgres;

--
-- TOC entry 2523 (class 0 OID 0)
-- Dependencies: 210
-- Name: testenvresults_id_seq; Type: SEQUENCE OWNED BY; Schema: public; Owner: postgres
--

ALTER SEQUENCE testenvresults_id_seq OWNED BY test_env_results.id;


--
-- TOC entry 211 (class 1259 OID 41301)
-- Name: testresults_id_seq; Type: SEQUENCE; Schema: public; Owner: postgres
--

CREATE SEQUENCE testresults_id_seq
    START WITH 1
    INCREMENT BY 1
    NO MINVALUE
    NO MAXVALUE
    CACHE 1;


ALTER TABLE public.testresults_id_seq OWNER TO postgres;

--
-- TOC entry 2524 (class 0 OID 0)
-- Dependencies: 211
-- Name: testresults_id_seq; Type: SEQUENCE OWNED BY; Schema: public; Owner: postgres
--

ALTER SEQUENCE testresults_id_seq OWNED BY test_case_results.id;


--
-- TOC entry 212 (class 1259 OID 41303)
-- Name: testrun_id_seq; Type: SEQUENCE; Schema: public; Owner: postgres
--

CREATE SEQUENCE testrun_id_seq
    START WITH 1
    INCREMENT BY 1
    NO MINVALUE
    NO MAXVALUE
    CACHE 1;


ALTER TABLE public.testrun_id_seq OWNER TO postgres;

--
-- TOC entry 2525 (class 0 OID 0)
-- Dependencies: 212
-- Name: testrun_id_seq; Type: SEQUENCE OWNED BY; Schema: public; Owner: postgres
--

ALTER SEQUENCE testrun_id_seq OWNED BY test_run.id;


--
-- TOC entry 213 (class 1259 OID 41305)
-- Name: testrun_testrunid_seq; Type: SEQUENCE; Schema: public; Owner: postgres
--

CREATE SEQUENCE testrun_testrunid_seq
    START WITH 1
    INCREMENT BY 1
    NO MINVALUE
    MAXVALUE 2147483647
    CACHE 1;


ALTER TABLE public.testrun_testrunid_seq OWNER TO postgres;

--
-- TOC entry 214 (class 1259 OID 41307)
-- Name: testrunenv_id_seq; Type: SEQUENCE; Schema: public; Owner: postgres
--

CREATE SEQUENCE testrunenv_id_seq
    START WITH 1
    INCREMENT BY 1
    NO MINVALUE
    NO MAXVALUE
    CACHE 1;


ALTER TABLE public.testrunenv_id_seq OWNER TO postgres;

--
-- TOC entry 2526 (class 0 OID 0)
-- Dependencies: 214
-- Name: testrunenv_id_seq; Type: SEQUENCE OWNED BY; Schema: public; Owner: postgres
--

ALTER SEQUENCE testrunenv_id_seq OWNED BY test_run_env.id;


--
-- TOC entry 215 (class 1259 OID 41309)
-- Name: teststepdata_id_seq; Type: SEQUENCE; Schema: public; Owner: postgres
--

CREATE SEQUENCE teststepdata_id_seq
    START WITH 1
    INCREMENT BY 1
    NO MINVALUE
    NO MAXVALUE
    CACHE 1;


ALTER TABLE public.teststepdata_id_seq OWNER TO postgres;

--
-- TOC entry 2527 (class 0 OID 0)
-- Dependencies: 215
-- Name: teststepdata_id_seq; Type: SEQUENCE OWNED BY; Schema: public; Owner: postgres
--

ALTER SEQUENCE teststepdata_id_seq OWNED BY test_steps_data.id;


--
-- TOC entry 216 (class 1259 OID 41311)
-- Name: teststepresults_id_seq; Type: SEQUENCE; Schema: public; Owner: postgres
--

CREATE SEQUENCE teststepresults_id_seq
    START WITH 1
    INCREMENT BY 1
    NO MINVALUE
    NO MAXVALUE
    CACHE 1;


ALTER TABLE public.teststepresults_id_seq OWNER TO postgres;

--
-- TOC entry 2528 (class 0 OID 0)
-- Dependencies: 216
-- Name: teststepresults_id_seq; Type: SEQUENCE OWNED BY; Schema: public; Owner: postgres
--

ALTER SEQUENCE teststepresults_id_seq OWNED BY test_step_results.id;


--
-- TOC entry 217 (class 1259 OID 41313)
-- Name: teststeps_stepsid_seq; Type: SEQUENCE; Schema: public; Owner: postgres
--

CREATE SEQUENCE teststeps_stepsid_seq
    START WITH 1
    INCREMENT BY 1
    NO MINVALUE
    NO MAXVALUE
    CACHE 1;


ALTER TABLE public.teststeps_stepsid_seq OWNER TO postgres;

--
-- TOC entry 218 (class 1259 OID 41315)
-- Name: teststepslist_step_id_seq; Type: SEQUENCE; Schema: public; Owner: postgres
--

CREATE SEQUENCE teststepslist_step_id_seq
    START WITH 1
    INCREMENT BY 1
    NO MINVALUE
    NO MAXVALUE
    CACHE 1;


ALTER TABLE public.teststepslist_step_id_seq OWNER TO postgres;

--
-- TOC entry 2529 (class 0 OID 0)
-- Dependencies: 218
-- Name: teststepslist_step_id_seq; Type: SEQUENCE OWNED BY; Schema: public; Owner: postgres
--

ALTER SEQUENCE teststepslist_step_id_seq OWNED BY test_steps_list.step_id;


--
-- TOC entry 219 (class 1259 OID 41317)
-- Name: teststepstemp_id_seq; Type: SEQUENCE; Schema: public; Owner: postgres
--

CREATE SEQUENCE teststepstemp_id_seq
    START WITH 1
    INCREMENT BY 1
    NO MINVALUE
    NO MAXVALUE
    CACHE 1;


ALTER TABLE public.teststepstemp_id_seq OWNER TO postgres;

--
-- TOC entry 2530 (class 0 OID 0)
-- Dependencies: 219
-- Name: teststepstemp_id_seq; Type: SEQUENCE OWNED BY; Schema: public; Owner: postgres
--

ALTER SEQUENCE teststepstemp_id_seq OWNED BY test_steps.id;


--
-- TOC entry 2229 (class 2604 OID 41319)
-- Name: id; Type: DEFAULT; Schema: public; Owner: postgres
--

ALTER TABLE ONLY daily_build_status ALTER COLUMN id SET DEFAULT nextval('daily_build_status_id_seq'::regclass);


--
-- TOC entry 2231 (class 2604 OID 41320)
-- Name: executionlogid; Type: DEFAULT; Schema: public; Owner: postgres
--

ALTER TABLE ONLY execution_log ALTER COLUMN executionlogid SET DEFAULT nextval('executionlog_executionlogid_seq'::regclass);


--
-- TOC entry 2232 (class 2604 OID 41321)
-- Name: expectedid; Type: DEFAULT; Schema: public; Owner: postgres
--

ALTER TABLE ONLY expected ALTER COLUMN expectedid SET DEFAULT nextval('expected_expectedid_seq'::regclass);


--
-- TOC entry 2234 (class 2604 OID 41322)
-- Name: expectedpropertyid; Type: DEFAULT; Schema: public; Owner: postgres
--

ALTER TABLE ONLY expected_container_items ALTER COLUMN expectedpropertyid SET DEFAULT nextval('expectedproperty_expectedpropertyid_seq'::regclass);


--
-- TOC entry 2235 (class 2604 OID 41323)
-- Name: id; Type: DEFAULT; Schema: public; Owner: postgres
--

ALTER TABLE ONLY performance_results ALTER COLUMN id SET DEFAULT nextval('performanceresults_id_seq'::regclass);


--
-- TOC entry 2236 (class 2604 OID 41324)
-- Name: section_id; Type: DEFAULT; Schema: public; Owner: postgres
--

ALTER TABLE ONLY product_sections ALTER COLUMN section_id SET DEFAULT nextval('product_sections_section_id_seq'::regclass);


--
-- TOC entry 2237 (class 2604 OID 41325)
-- Name: id; Type: DEFAULT; Schema: public; Owner: postgres
--

ALTER TABLE ONLY test_case_results ALTER COLUMN id SET DEFAULT nextval('testresults_id_seq'::regclass);


--
-- TOC entry 2238 (class 2604 OID 41326)
-- Name: id; Type: DEFAULT; Schema: public; Owner: postgres
--

ALTER TABLE ONLY test_data_sets ALTER COLUMN id SET DEFAULT nextval('testdataset_id_seq'::regclass);


--
-- TOC entry 2239 (class 2604 OID 41327)
-- Name: id; Type: DEFAULT; Schema: public; Owner: postgres
--

ALTER TABLE ONLY test_env_results ALTER COLUMN id SET DEFAULT nextval('testenvresults_id_seq'::regclass);


--
-- TOC entry 2240 (class 2604 OID 41328)
-- Name: id; Type: DEFAULT; Schema: public; Owner: postgres
--

ALTER TABLE ONLY test_run ALTER COLUMN id SET DEFAULT nextval('testrun_id_seq'::regclass);


--
-- TOC entry 2241 (class 2604 OID 41329)
-- Name: id; Type: DEFAULT; Schema: public; Owner: postgres
--

ALTER TABLE ONLY test_run_env ALTER COLUMN id SET DEFAULT nextval('testrunenv_id_seq'::regclass);


--
-- TOC entry 2242 (class 2604 OID 41330)
-- Name: id; Type: DEFAULT; Schema: public; Owner: postgres
--

ALTER TABLE ONLY test_sets ALTER COLUMN id SET DEFAULT nextval('test_sets_id_seq'::regclass);


--
-- TOC entry 2243 (class 2604 OID 41331)
-- Name: id; Type: DEFAULT; Schema: public; Owner: postgres
--

ALTER TABLE ONLY test_step_results ALTER COLUMN id SET DEFAULT nextval('teststepresults_id_seq'::regclass);


--
-- TOC entry 2245 (class 2604 OID 41332)
-- Name: id; Type: DEFAULT; Schema: public; Owner: postgres
--

ALTER TABLE ONLY test_steps ALTER COLUMN id SET DEFAULT nextval('teststepstemp_id_seq'::regclass);


--
-- TOC entry 2246 (class 2604 OID 41333)
-- Name: id; Type: DEFAULT; Schema: public; Owner: postgres
--

ALTER TABLE ONLY test_steps_data ALTER COLUMN id SET DEFAULT nextval('teststepdata_id_seq'::regclass);


--
-- TOC entry 2247 (class 2604 OID 41334)
-- Name: step_id; Type: DEFAULT; Schema: public; Owner: postgres
--

ALTER TABLE ONLY test_steps_list ALTER COLUMN step_id SET DEFAULT nextval('teststepslist_step_id_seq'::regclass);


--
-- TOC entry 2531 (class 0 OID 0)
-- Dependencies: 168
-- Name: Platform_PlatformID_seq; Type: SEQUENCE SET; Schema: public; Owner: postgres
--

SELECT pg_catalog.setval('"Platform_PlatformID_seq"', 1, false);


--
-- TOC entry 2532 (class 0 OID 0)
-- Dependencies: 169
-- Name: TestRun_TestRunID_seq; Type: SEQUENCE SET; Schema: public; Owner: postgres
--

SELECT pg_catalog.setval('"TestRun_TestRunID_seq"', 1, false);


--
-- TOC entry 2533 (class 0 OID 0)
-- Dependencies: 170
-- Name: TestStep_TestStepID_seq; Type: SEQUENCE SET; Schema: public; Owner: postgres
--

SELECT pg_catalog.setval('"TestStep_TestStepID_seq"', 1, false);


--
-- TOC entry 2319 (class 0 OID 41144)
-- Dependencies: 171
-- Data for Name: container_items; Type: TABLE DATA; Schema: public; Owner: postgres
--

COPY container_items (id, dataid, container_name, item_name_id) FROM stdin;
\.


--
-- TOC entry 2321 (class 0 OID 41149)
-- Dependencies: 173
-- Data for Name: container_type_data; Type: TABLE DATA; Schema: public; Owner: postgres
--

COPY container_type_data (id, dataid, curname, newname, items_count) FROM stdin;
220	FIL-0029_s3	FIL-0029_s3_d1	\N	\N
221	FIL-0030_s3	FIL-0030_s3_d1	\N	\N
223	FIL-0032_s3	FIL-0032_s3_d1	\N	\N
\.


--
-- TOC entry 2534 (class 0 OID 0)
-- Dependencies: 172
-- Name: containertypedata_id_seq; Type: SEQUENCE SET; Schema: public; Owner: postgres
--

SELECT pg_catalog.setval('containertypedata_id_seq', 223, true);


--
-- TOC entry 2322 (class 0 OID 41156)
-- Dependencies: 174
-- Data for Name: daily_build_status; Type: TABLE DATA; Schema: public; Owner: postgres
--

COPY daily_build_status (id, daily_build_user, status, last_checked_time, bundle, machine_os, local_ip, branch, release, run_id, build_path) FROM stdin;
\.


--
-- TOC entry 2535 (class 0 OID 0)
-- Dependencies: 175
-- Name: daily_build_status_id_seq; Type: SEQUENCE SET; Schema: public; Owner: postgres
--

SELECT pg_catalog.setval('daily_build_status_id_seq', 1, true);


--
-- TOC entry 2324 (class 0 OID 41165)
-- Dependencies: 176
-- Data for Name: execution_log; Type: TABLE DATA; Schema: public; Owner: postgres
--

COPY execution_log (executionlogid, logid, modulename, details, status, loglevel, tstamp) FROM stdin;
4849997		DesktopCleanUp : Cleanup	Starting DTS Files clean up	Pass	1	2013-08-26 07:30:06.816
4849998		DesktopCleanUp : Cleanup	Starting DTS Files clean up	Pass	1	2013-08-26 07:30:45.304
2		main : MainDriver	Database connection successful	Pass	1	2013-08-27 10:18:16.393
3		main : MainDriver	Running Test cases from Test Set : [('Tue-Aug-27-10:18:12-2013', 'BRO-0002 Outlook:2010 64', 'jnibumon01e10', 'Windows 7 - 64', 'Outlook:2010 64', 'Default', None)]	Pass	1	2013-08-27 10:18:16.612
4		main : MainDriver	Running Test cases from list : [('BRO-0002',)]	Pass	1	2013-08-27 10:18:16.84
5	MainDriver	main : MainDriver	-------------*************--------------	Pass	1	2013-08-27 10:18:17.052
6	MainDriver	main : MainDriver	Running Test case id : BRO-0002 :: [('Browser testing',)]	Pass	1	2013-08-27 10:18:17.263
7	MainDriver	main : MainDriver	Step : Open Browser	Pass	1	2013-08-27 10:18:17.828
8	Tue-Aug-27-10:18:12-2013BRO-000211	main : MainDriver	Exception occurred in test step : ExecuteTestSteps() takes exactly 8 arguments (7 given)	Error	3	2013-08-27 10:18:18.044
9	Tue-Aug-27-10:18:12-2013BRO-000211	main : MainDriver	Open Browser : Test Step Critical Failure	Error	3	2013-08-27 10:18:18.408
10	Tue-Aug-27-10:18:12-2013BRO-000211	main : MainDriver	Test Case Failed	Error	3	2013-08-27 10:18:18.626
11	Tue-Aug-27-10:18:12-2013BRO-000211	main : MainDriver	Test Set Completed	Pass	1	2013-08-27 10:18:18.861
12		main : MainDriver	Database connection successful	Pass	1	2013-08-27 10:31:28.518
13		main : MainDriver	Running Test cases from Test Set : [('Tue-Aug-27-10:31:26-2013', 'BRO-0002 Outlook:2010 64', 'jnibumon01e10', 'Windows 7 - 64', 'Outlook:2010 64', 'Default', None)]	Pass	1	2013-08-27 10:31:28.739
14		main : MainDriver	Running Test cases from list : [('BRO-0002',)]	Pass	1	2013-08-27 10:31:28.964
15	MainDriver	main : MainDriver	-------------*************--------------	Pass	1	2013-08-27 10:31:29.176
16	MainDriver	main : MainDriver	Running Test case id : BRO-0002 :: [('Browser testing',)]	Pass	1	2013-08-27 10:31:29.387
17	MainDriver	main : MainDriver	Step : Open Browser	Pass	1	2013-08-27 10:31:29.618
18	Tue-Aug-27-10:31:26-2013BRO-000211	ExecuteTestSteps : CommonStepsDriver	skipping opening browser	Pass	1	2013-08-27 10:31:29.833
19	Tue-Aug-27-10:31:26-2013BRO-000211	main : MainDriver	Open Browser : Test Step Passed	Pass	1	2013-08-27 10:31:30.143
20	Tue-Aug-27-10:31:26-2013BRO-000211	main : MainDriver	Step : Close Browser	Pass	1	2013-08-27 10:31:30.361
21	Tue-Aug-27-10:31:26-2013BRO-000222	ExecuteTestSteps : CommonStepsDriver	skipping closing browser	Pass	1	2013-08-27 10:31:30.576
22	Tue-Aug-27-10:31:26-2013BRO-000222	main : MainDriver	Close Browser : Test Step Passed	Pass	1	2013-08-27 10:31:30.831
23	Tue-Aug-27-10:31:26-2013BRO-000222	main : MainDriver	Test Case Passed	Pass	1	2013-08-27 10:31:31.046
24	Tue-Aug-27-10:31:26-2013BRO-000222	main : MainDriver	Test Set Completed	Pass	1	2013-08-27 10:31:31.272
25		main : MainDriver	Database connection successful	Pass	1	2013-10-06 18:39:43.593
26		main : MainDriver	Running Test cases from Test Set : [('Sun-Oct-6-18:39:40-2013', 'FIL-0028 Firefox', 'jnibumon01e10', 'Windows 7 - 64', 'Firefox', 'Default', None)]	Pass	1	2013-10-06 18:39:43.641
27		main : MainDriver	Running Test cases from list : [('FIL-0028',)]	Pass	1	2013-10-06 18:39:43.696
28	MainDriver	main : MainDriver	-------------*************--------------	Pass	1	2013-10-06 18:39:43.734
29	MainDriver	main : MainDriver	Running Test case id : FIL-0028 :: [('View sales item count is correct and correct product is displayed when checkbox filter is used',)]	Pass	1	2013-10-06 18:39:43.769
30	MainDriver	main : MainDriver	Step : Open Browser	Pass	1	2013-10-06 18:39:44.564
31	Sun-Oct-6-18:39:40-2013FIL-002811	main : MainDriver	Exception occurred in test step : ExecuteTestSteps() takes exactly 7 arguments (6 given)	Error	3	2013-10-06 18:39:44.661
32	Sun-Oct-6-18:39:40-2013FIL-002811	main : MainDriver	Open Browser : Test Step Critical Failure	Error	3	2013-10-06 18:39:44.962
33	Sun-Oct-6-18:39:40-2013FIL-002811	main : MainDriver	Test Case Failed	Error	3	2013-10-06 18:39:45.052
34	Sun-Oct-6-18:39:40-2013FIL-002811	main : MainDriver	Test Set Completed	Pass	1	2013-10-06 18:39:45.168
35		main : MainDriver	Database connection successful	Pass	1	2013-10-06 18:50:48.044
36		main : MainDriver	Running Test cases from Test Set : [('Sun-Oct-6-18:50:46-2013', 'FIL-0028 Firefox', 'jnibumon01e10', 'Windows 7 - 64', 'Firefox', 'Default', None)]	Pass	1	2013-10-06 18:50:48.083
37		main : MainDriver	Running Test cases from list : [('FIL-0028',)]	Pass	1	2013-10-06 18:50:48.131
38	MainDriver	main : MainDriver	-------------*************--------------	Pass	1	2013-10-06 18:50:48.166
39	MainDriver	main : MainDriver	Running Test case id : FIL-0028 :: [('View sales item count is correct and correct product is displayed when checkbox filter is used',)]	Pass	1	2013-10-06 18:50:48.2
40	MainDriver	main : MainDriver	Step : Open Browser	Pass	1	2013-10-06 18:50:48.255
41	Sun-Oct-6-18:50:46-2013FIL-002811	ExecuteTestSteps : CommonStepsDriver	Opening browser	Pass	1	2013-10-06 18:50:48.294
42	Sun-Oct-6-18:50:46-2013FIL-002811	main : MainDriver	Open Browser : Test Step Critical Failure	Error	3	2013-10-06 18:50:48.48
43	Sun-Oct-6-18:50:46-2013FIL-002811	main : MainDriver	Test Case Failed	Error	3	2013-10-06 18:50:48.519
44	Sun-Oct-6-18:50:46-2013FIL-002811	main : MainDriver	Test Set Completed	Pass	1	2013-10-06 18:50:48.599
45		main : MainDriver	Database connection successful	Pass	1	2013-10-06 18:53:49.206
46		main : MainDriver	Running Test cases from Test Set : [('Sun-Oct-6-18:53:47-2013', 'FIL-0028 Firefox', 'jnibumon01e10', 'Windows 7 - 64', 'Firefox', 'Default', None)]	Pass	1	2013-10-06 18:53:49.243
47		main : MainDriver	Running Test cases from list : [('FIL-0028',)]	Pass	1	2013-10-06 18:53:49.286
48	MainDriver	main : MainDriver	-------------*************--------------	Pass	1	2013-10-06 18:53:49.322
49	MainDriver	main : MainDriver	Running Test case id : FIL-0028 :: [('View sales item count is correct and correct product is displayed when checkbox filter is used',)]	Pass	1	2013-10-06 18:53:49.357
50	MainDriver	main : MainDriver	Step : Open Browser	Pass	1	2013-10-06 18:53:49.396
51	Sun-Oct-6-18:53:47-2013FIL-002811	ExecuteTestSteps : CommonStepsDriver	Opening browser	Pass	1	2013-10-06 18:53:49.433
52	Sun-Oct-6-18:53:47-2013FIL-002811	main : MainDriver	Open Browser : Test Step Critical Failure	Error	3	2013-10-06 18:53:49.672
53	Sun-Oct-6-18:53:47-2013FIL-002811	main : MainDriver	Test Case Failed	Error	3	2013-10-06 18:53:49.708
54	Sun-Oct-6-18:53:47-2013FIL-002811	main : MainDriver	Test Set Completed	Pass	1	2013-10-06 18:53:49.778
55		main : MainDriver	Database connection successful	Pass	1	2013-10-06 18:58:29.162
56		main : MainDriver	Running Test cases from Test Set : [('Sun-Oct-6-18:58:27-2013', 'FIL-0028 Firefox', 'jnibumon01e10', 'Windows 7 - 64', 'Firefox', 'Default', None)]	Pass	1	2013-10-06 18:58:29.201
57		main : MainDriver	Running Test cases from list : [('FIL-0028',)]	Pass	1	2013-10-06 18:58:29.249
58	MainDriver	main : MainDriver	-------------*************--------------	Pass	1	2013-10-06 18:58:29.285
59	MainDriver	main : MainDriver	Running Test case id : FIL-0028 :: [('View sales item count is correct and correct product is displayed when checkbox filter is used',)]	Pass	1	2013-10-06 18:58:29.321
60	MainDriver	main : MainDriver	Step : Open Browser	Pass	1	2013-10-06 18:58:29.372
61	Sun-Oct-6-18:58:27-2013FIL-002811	ExecuteTestSteps : CommonStepsDriver	Opening browser	Pass	1	2013-10-06 18:58:29.412
62	Sun-Oct-6-18:58:27-2013FIL-002811	main : MainDriver	Open Browser : Test Step Critical Failure	Error	3	2013-10-06 18:59:33.349
63	Sun-Oct-6-18:58:27-2013FIL-002811	main : MainDriver	Test Case Failed	Error	3	2013-10-06 18:59:33.39
64	Sun-Oct-6-18:58:27-2013FIL-002811	main : MainDriver	Test Set Completed	Pass	1	2013-10-06 18:59:33.454
65		main : MainDriver	Database connection successful	Pass	1	2013-10-06 19:03:30.287
66		main : MainDriver	Running Test cases from Test Set : [('Sun-Oct-6-19:03:27-2013', 'FIL-0028 Firefox', 'jnibumon01e10', 'Windows 7 - 64', 'Firefox', 'Default', None)]	Pass	1	2013-10-06 19:03:30.327
67		main : MainDriver	Running Test cases from list : [('FIL-0028',)]	Pass	1	2013-10-06 19:03:30.378
68	MainDriver	main : MainDriver	-------------*************--------------	Pass	1	2013-10-06 19:03:30.414
69	MainDriver	main : MainDriver	Running Test case id : FIL-0028 :: [('View sales item count is correct and correct product is displayed when checkbox filter is used',)]	Pass	1	2013-10-06 19:03:30.449
70	MainDriver	main : MainDriver	Step : Open Browser	Pass	1	2013-10-06 19:03:30.495
71	Sun-Oct-6-19:03:27-2013FIL-002811	main : MainDriver	Open Browser : Test Step Passed	Pass	1	2013-10-06 19:03:30.688
72	Sun-Oct-6-19:03:27-2013FIL-002811	main : MainDriver	Step : Open Futureshop	Pass	1	2013-10-06 19:03:30.737
73	Sun-Oct-6-19:03:27-2013FIL-002862	main : MainDriver	Open Futureshop : Test Step Critical Failure	Error	3	2013-10-06 19:03:30.901
74	Sun-Oct-6-19:03:27-2013FIL-002862	main : MainDriver	Test Case Failed	Error	3	2013-10-06 19:03:30.948
75	Sun-Oct-6-19:03:27-2013FIL-002862	main : MainDriver	Test Set Completed	Pass	1	2013-10-06 19:03:31.054
76		main : MainDriver	Database connection successful	Pass	1	2013-10-06 19:04:31.495
77		main : MainDriver	Running Test cases from Test Set : [('Sun-Oct-6-19:04:28-2013', 'FIL-0028 Firefox', 'jnibumon01e10', 'Windows 7 - 64', 'Firefox', 'Default', None)]	Pass	1	2013-10-06 19:04:31.533
78		main : MainDriver	Running Test cases from list : [('FIL-0028',)]	Pass	1	2013-10-06 19:04:31.579
79	MainDriver	main : MainDriver	-------------*************--------------	Pass	1	2013-10-06 19:04:31.615
80	MainDriver	main : MainDriver	Running Test case id : FIL-0028 :: [('View sales item count is correct and correct product is displayed when checkbox filter is used',)]	Pass	1	2013-10-06 19:04:31.649
81	MainDriver	main : MainDriver	Step : Open Browser	Pass	1	2013-10-06 19:04:31.69
82	Sun-Oct-6-19:04:28-2013FIL-002811	main : MainDriver	Open Browser : Test Step Passed	Pass	1	2013-10-06 19:04:31.846
83	Sun-Oct-6-19:04:28-2013FIL-002811	main : MainDriver	Step : Open Futureshop	Pass	1	2013-10-06 19:04:31.885
84	Sun-Oct-6-19:04:28-2013FIL-002862	main : MainDriver	Open Futureshop : Test Step Passed	Pass	1	2013-10-06 19:04:32.023
85	Sun-Oct-6-19:04:28-2013FIL-002862	main : MainDriver	Step : Select Main Menu	Pass	1	2013-10-06 19:04:32.062
86		main : MainDriver	Database connection successful	Pass	1	2013-10-06 19:05:44.101
87		main : MainDriver	Running Test cases from Test Set : [('Sun-Oct-6-19:05:38-2013', 'FIL-0028 Firefox', 'jnibumon01e10', 'Windows 7 - 64', 'Firefox', 'Default', None)]	Pass	1	2013-10-06 19:05:44.203
88		main : MainDriver	Running Test cases from list : [('FIL-0028',)]	Pass	1	2013-10-06 19:05:44.314
89	MainDriver	main : MainDriver	-------------*************--------------	Pass	1	2013-10-06 19:05:44.412
90	MainDriver	main : MainDriver	Running Test case id : FIL-0028 :: [('View sales item count is correct and correct product is displayed when checkbox filter is used',)]	Pass	1	2013-10-06 19:05:44.509
91	MainDriver	main : MainDriver	Step : Open Browser	Pass	1	2013-10-06 19:05:44.629
92	Sun-Oct-6-19:05:38-2013FIL-002811	main : MainDriver	Open Browser : Test Step Passed	Pass	1	2013-10-06 19:05:45.027
93	Sun-Oct-6-19:05:38-2013FIL-002811	main : MainDriver	Step : Open Futureshop	Pass	1	2013-10-06 19:05:45.133
94	Sun-Oct-6-19:05:38-2013FIL-002862	main : MainDriver	Open Futureshop : Test Step Passed	Pass	1	2013-10-06 19:05:45.395
95	Sun-Oct-6-19:05:38-2013FIL-002862	main : MainDriver	Step : Select Main Menu	Pass	1	2013-10-06 19:05:45.496
96		main : MainDriver	Database connection successful	Pass	1	2013-10-06 19:07:38.91
97		main : MainDriver	Running Test cases from Test Set : [('Sun-Oct-6-19:07:37-2013', 'FIL-0028 Firefox', 'jnibumon01e10', 'Windows 7 - 64', 'Firefox', 'Default', None)]	Pass	1	2013-10-06 19:07:39.011
98		main : MainDriver	Running Test cases from list : [('FIL-0028',)]	Pass	1	2013-10-06 19:07:39.119
99	MainDriver	main : MainDriver	-------------*************--------------	Pass	1	2013-10-06 19:07:39.218
100	MainDriver	main : MainDriver	Running Test case id : FIL-0028 :: [('View sales item count is correct and correct product is displayed when checkbox filter is used',)]	Pass	1	2013-10-06 19:07:39.316
101	MainDriver	main : MainDriver	Step : Open Browser	Pass	1	2013-10-06 19:07:39.42
102	Sun-Oct-6-19:07:37-2013FIL-002811	main : MainDriver	Open Browser : Test Step Passed	Pass	1	2013-10-06 19:07:39.659
103	Sun-Oct-6-19:07:37-2013FIL-002811	main : MainDriver	Step : Open Futureshop	Pass	1	2013-10-06 19:07:39.761
104	Sun-Oct-6-19:07:37-2013FIL-002862	main : MainDriver	Open Futureshop : Test Step Passed	Pass	1	2013-10-06 19:07:40.075
105	Sun-Oct-6-19:07:37-2013FIL-002862	main : MainDriver	Step : Select Main Menu	Pass	1	2013-10-06 19:07:40.176
106		main : MainDriver	Database connection successful	Pass	1	2013-10-06 19:08:35.655
107		main : MainDriver	Running Test cases from Test Set : [('Sun-Oct-6-19:08:33-2013', 'FIL-0028 Firefox', 'jnibumon01e10', 'Windows 7 - 64', 'Firefox', 'Default', None)]	Pass	1	2013-10-06 19:08:35.754
108		main : MainDriver	Running Test cases from list : [('FIL-0028',)]	Pass	1	2013-10-06 19:08:35.863
109	MainDriver	main : MainDriver	-------------*************--------------	Pass	1	2013-10-06 19:08:35.961
110	MainDriver	main : MainDriver	Running Test case id : FIL-0028 :: [('View sales item count is correct and correct product is displayed when checkbox filter is used',)]	Pass	1	2013-10-06 19:08:36.058
111	MainDriver	main : MainDriver	Step : Open Browser	Pass	1	2013-10-06 19:08:36.16
112	Sun-Oct-6-19:08:33-2013FIL-002811	main : MainDriver	Open Browser : Test Step Passed	Pass	1	2013-10-06 19:08:36.552
113	Sun-Oct-6-19:08:33-2013FIL-002811	main : MainDriver	Step : Open Futureshop	Pass	1	2013-10-06 19:08:36.655
114	Sun-Oct-6-19:08:33-2013FIL-002862	main : MainDriver	Open Futureshop : Test Step Passed	Pass	1	2013-10-06 19:08:36.886
115	Sun-Oct-6-19:08:33-2013FIL-002862	main : MainDriver	Step : Select Main Menu	Pass	1	2013-10-06 19:08:37.063
116	Sun-Oct-6-19:08:33-2013FIL-002873	main : MainDriver	Select Main Menu : Test Step Passed	Pass	1	2013-10-06 19:08:40.367
117	Sun-Oct-6-19:08:33-2013FIL-002873	main : MainDriver	Step : Select Sub Menu 1	Pass	1	2013-10-06 19:08:40.468
118	Sun-Oct-6-19:08:33-2013FIL-002884	main : MainDriver	Select Sub Menu 1 : Test Step Passed	Pass	1	2013-10-06 19:08:40.756
119	Sun-Oct-6-19:08:33-2013FIL-002884	main : MainDriver	Step : Select Sub Menu 2	Pass	1	2013-10-06 19:08:40.857
120	Sun-Oct-6-19:08:33-2013FIL-0028115	main : MainDriver	Select Sub Menu 2 : Test Step Passed	Pass	1	2013-10-06 19:08:41.126
121	Sun-Oct-6-19:08:33-2013FIL-0028115	main : MainDriver	Step : Select Filter Checkbox	Pass	1	2013-10-06 19:08:41.225
122		main : MainDriver	Database connection successful	Pass	1	2013-10-06 19:10:39.895
123		main : MainDriver	Running Test cases from Test Set : [('Sun-Oct-6-19:10:35-2013', 'FIL-0028 Firefox', 'jnibumon01e10', 'Windows 7 - 64', 'Firefox', 'Default', None)]	Pass	1	2013-10-06 19:10:40.001
124		main : MainDriver	Running Test cases from list : [('FIL-0028',)]	Pass	1	2013-10-06 19:10:40.111
125	MainDriver	main : MainDriver	-------------*************--------------	Pass	1	2013-10-06 19:10:40.209
126	MainDriver	main : MainDriver	Running Test case id : FIL-0028 :: [('View sales item count is correct and correct product is displayed when checkbox filter is used',)]	Pass	1	2013-10-06 19:10:40.306
127	MainDriver	main : MainDriver	Step : Open Browser	Pass	1	2013-10-06 19:10:40.412
128	Sun-Oct-6-19:10:35-2013FIL-002811	ExecuteTestSteps : CommonStepsDriver	Opening browser	Pass	1	2013-10-06 19:10:40.513
129	Sun-Oct-6-19:10:35-2013FIL-002811	main : MainDriver	Open Browser : Test Step Critical Failure	Error	3	2013-10-06 19:11:44.489
130	Sun-Oct-6-19:10:35-2013FIL-002811	main : MainDriver	Test Case Failed	Error	3	2013-10-06 19:11:44.594
131	Sun-Oct-6-19:10:35-2013FIL-002811	main : MainDriver	Test Set Completed	Pass	1	2013-10-06 19:11:44.722
132		main : MainDriver	Database connection successful	Pass	1	2013-10-08 16:50:01.751
133		main : MainDriver	Running Test cases from Test Set : [('Tue-Oct-8-16:49:58-2013', 'FIL-0029', 'riz', 'Windows post2008Server - 64', 'WMP:12.0,Outlook:2013 64', 'Default', None)]	Pass	1	2013-10-08 16:50:01.789
134		main : MainDriver	Running Test cases from list : [('FIL-0029',)]	Pass	1	2013-10-08 16:50:01.826
135	MainDriver	main : MainDriver	-------------*************--------------	Pass	1	2013-10-08 16:50:01.862
136	MainDriver	main : MainDriver	Running Test case id : FIL-0029 :: [('created second time',)]	Pass	1	2013-10-08 16:50:01.894
137	MainDriver	main : MainDriver	Step : Open Browser	Pass	1	2013-10-08 16:50:01.935
138	Tue-Oct-8-16:49:58-2013FIL-002911	ExecuteTestSteps : CommonStepsDriver	Opening browser	Pass	1	2013-10-08 16:50:01.973
139	Tue-Oct-8-16:49:58-2013FIL-002911	main : MainDriver	Open Browser : Test Step Critical Failure	Error	3	2013-10-08 16:50:02.237
140	Tue-Oct-8-16:49:58-2013FIL-002911	main : MainDriver	Test Case Failed	Error	3	2013-10-08 16:50:02.27
141	Tue-Oct-8-16:49:58-2013FIL-002911	main : MainDriver	Test Set Completed	Pass	1	2013-10-08 16:50:02.328
142		main : MainDriver	Database connection successful	Pass	1	2013-10-10 00:23:37.576
143		main : MainDriver	Running Test cases from Test Set : [('Thu-Oct-10-00:23:35-2013', 'FIL-0032', 'riz', 'Windows post2008Server - 64', 'WMP:12.0,Outlook:2013 64', 'Default', None)]	Pass	1	2013-10-10 00:23:38.651
144		main : MainDriver	Running Test cases from list : [('FIL-0032',)]	Pass	1	2013-10-10 00:23:38.694
145	MainDriver	main : MainDriver	-------------*************--------------	Pass	1	2013-10-10 00:23:38.723
146	MainDriver	main : MainDriver	Running Test case id : FIL-0032 :: [('Selecting Menu',)]	Pass	1	2013-10-10 00:23:38.75
147	MainDriver	main : MainDriver	Step : Open Browser	Pass	1	2013-10-10 00:23:38.795
148	Thu-Oct-10-00:23:35-2013FIL-003211	ExecuteTestSteps : CommonStepsDriver	Opening browser	Pass	1	2013-10-10 00:23:38.838
149	Thu-Oct-10-00:23:35-2013FIL-003211	main : MainDriver	Open Browser : Test Step Critical Failure	Error	3	2013-10-10 00:23:39.185
150	Thu-Oct-10-00:23:35-2013FIL-003211	main : MainDriver	Test Case Failed	Error	3	2013-10-10 00:23:39.23
151	Thu-Oct-10-00:23:35-2013FIL-003211	main : MainDriver	Test Set Completed	Pass	1	2013-10-10 00:23:39.304
152	MainDriver	main : MainDriver	Database connection successful	Pass	1	2013-10-10 00:25:13.073
153	MainDriver	main : MainDriver	Running Test cases from Test Set : [('Thu-Oct-10-00:25:12-2013', 'FIL-0032', 'riz', 'Windows post2008Server - 64', 'WMP:12.0,Outlook:2013 64', 'Default', None)]	Pass	1	2013-10-10 00:25:13.106
154	MainDriver	main : MainDriver	Running Test cases from list : [('FIL-0032',)]	Pass	1	2013-10-10 00:25:13.139
155	MainDriver	main : MainDriver	-------------*************--------------	Pass	1	2013-10-10 00:25:13.166
156	MainDriver	main : MainDriver	Running Test case id : FIL-0032 :: [('Selecting Menu',)]	Pass	1	2013-10-10 00:25:13.191
157	MainDriver	main : MainDriver	Step : Open Browser	Pass	1	2013-10-10 00:25:13.221
158	Thu-Oct-10-00:25:12-2013FIL-003211	ExecuteTestSteps : CommonStepsDriver	Opening browser	Pass	1	2013-10-10 00:25:13.25
159	Thu-Oct-10-00:25:12-2013FIL-003211	main : MainDriver	Open Browser : Test Step Critical Failure	Error	3	2013-10-10 00:25:13.454
160	Thu-Oct-10-00:25:12-2013FIL-003211	main : MainDriver	Test Case Failed	Error	3	2013-10-10 00:25:13.485
161	Thu-Oct-10-00:25:12-2013FIL-003211	main : MainDriver	Test Set Completed	Pass	1	2013-10-10 00:25:13.542
162		main : MainDriver	Database connection successful	Pass	1	2013-10-10 00:37:15.267
163		main : MainDriver	Running Test cases from Test Set : [('Thu-Oct-10-00:37:12-2013', 'FIL-0032', 'riz', 'Windows post2008Server - 64', 'WMP:12.0,Outlook:2013 64', 'Default', None)]	Pass	1	2013-10-10 00:37:15.316
164		main : MainDriver	Running Test cases from list : [('FIL-0032',)]	Pass	1	2013-10-10 00:37:15.36
165	MainDriver	main : MainDriver	-------------*************--------------	Pass	1	2013-10-10 00:37:15.388
166	MainDriver	main : MainDriver	Running Test case id : FIL-0032 :: [('Selecting Menu',)]	Pass	1	2013-10-10 00:37:15.415
167	MainDriver	main : MainDriver	Step : Open Browser	Pass	1	2013-10-10 00:37:15.54
168	Thu-Oct-10-00:37:12-2013FIL-003211	ExecuteTestSteps : CommonStepsDriver	Opening browser	Pass	1	2013-10-10 00:37:15.603
169	Thu-Oct-10-00:37:12-2013FIL-003211	main : MainDriver	Open Browser : Test Step Critical Failure	Error	3	2013-10-10 00:37:15.888
170	Thu-Oct-10-00:37:12-2013FIL-003211	main : MainDriver	Test Case Failed	Error	3	2013-10-10 00:37:15.918
171	Thu-Oct-10-00:37:12-2013FIL-003211	main : MainDriver	Test Set Completed	Pass	1	2013-10-10 00:37:15.973
172	MainDriver	main : MainDriver	Database connection successful	Pass	1	2013-10-10 00:39:06.863
231	Sun-Oct-13-00:14:44-2013FIL-003262	main : MainDriver	Exception occurred in test step : 'module' object has no attribute 'ExecuteTestSteps'	Error	3	2013-10-13 00:14:51.555
173	MainDriver	main : MainDriver	Running Test cases from Test Set : [('Thu-Oct-10-00:39:04-2013', 'FIL-0032', 'riz', 'Windows post2008Server - 64', 'WMP:12.0,Outlook:2013 64', 'Default', None)]	Pass	1	2013-10-10 00:39:06.899
174	MainDriver	main : MainDriver	Running Test cases from list : [('FIL-0032',)]	Pass	1	2013-10-10 00:39:06.934
175	MainDriver	main : MainDriver	-------------*************--------------	Pass	1	2013-10-10 00:39:06.965
176	MainDriver	main : MainDriver	Running Test case id : FIL-0032 :: [('Selecting Menu',)]	Pass	1	2013-10-10 00:39:06.996
177	MainDriver	main : MainDriver	Step : Open Browser	Pass	1	2013-10-10 00:39:07.031
178	Thu-Oct-10-00:39:04-2013FIL-003211	ExecuteTestSteps : CommonStepsDriver	Opening browser	Pass	1	2013-10-10 00:39:07.061
179	Thu-Oct-10-00:39:04-2013FIL-003211	main : MainDriver	Open Browser : Test Step Critical Failure	Error	3	2013-10-10 00:39:07.279
180	Thu-Oct-10-00:39:04-2013FIL-003211	main : MainDriver	Test Case Failed	Error	3	2013-10-10 00:39:07.312
181	Thu-Oct-10-00:39:04-2013FIL-003211	main : MainDriver	Test Set Completed	Pass	1	2013-10-10 00:39:07.371
182		main : MainDriver	Database connection successful	Pass	1	2013-10-10 00:39:36.863
183		main : MainDriver	Running Test cases from Test Set : [('Thu-Oct-10-00:39:34-2013', 'FIL-0032', 'riz', 'Windows post2008Server - 64', 'WMP:12.0,Outlook:2013 64', 'Default', None)]	Pass	1	2013-10-10 00:39:36.893
184		main : MainDriver	Running Test cases from list : [('FIL-0032',)]	Pass	1	2013-10-10 00:39:36.927
185	MainDriver	main : MainDriver	-------------*************--------------	Pass	1	2013-10-10 00:39:36.962
186	MainDriver	main : MainDriver	Running Test case id : FIL-0032 :: [('Selecting Menu',)]	Pass	1	2013-10-10 00:39:36.991
187	MainDriver	main : MainDriver	Step : Open Browser	Pass	1	2013-10-10 00:39:37.026
188	Thu-Oct-10-00:39:34-2013FIL-003211	ExecuteTestSteps : CommonStepsDriver	Opening browser	Pass	1	2013-10-10 00:39:37.055
189	Thu-Oct-10-00:39:34-2013FIL-003211	main : MainDriver	Open Browser : Test Step Passed	Pass	1	2013-10-10 00:39:42.692
190	Thu-Oct-10-00:39:34-2013FIL-003211	main : MainDriver	Step : Open Futureshop	Pass	1	2013-10-10 00:39:42.724
191	Thu-Oct-10-00:39:34-2013FIL-003262	main : MainDriver	Open Futureshop : Test Step Passed	Pass	1	2013-10-10 00:39:43.81
192	Thu-Oct-10-00:39:34-2013FIL-003262	main : MainDriver	Step : Select Main Menu	Pass	1	2013-10-10 00:39:43.85
193	Thu-Oct-10-00:39:34-2013FIL-003273	main : MainDriver	Select Main Menu : Test Step Passed	Pass	1	2013-10-10 00:39:48.828
194	Thu-Oct-10-00:39:34-2013FIL-003273	main : MainDriver	Test Case Passed	Pass	1	2013-10-10 00:39:48.863
195	Thu-Oct-10-00:39:34-2013FIL-003273	main : MainDriver	Test Set Completed	Pass	1	2013-10-10 00:39:48.945
196		main : MainDriver	Database connection successful	Pass	1	2013-10-13 00:03:52.948
197		main : MainDriver	Running Test cases from Test Set : [('Sun-Oct-13-00:03:50-2013', 'FIL-0032', 'riz', 'Windows post2008Server - 64', 'WMP:12.0,Outlook:2013 64', 'Default', None)]	Pass	1	2013-10-13 00:03:52.99
198		main : MainDriver	Running Test cases from list : [('FIL-0032',)]	Pass	1	2013-10-13 00:03:53.025
199	MainDriver	main : MainDriver	-------------*************--------------	Pass	1	2013-10-13 00:03:53.053
200	MainDriver	main : MainDriver	Running Test case id : FIL-0032 :: [('Selecting Menu',)]	Pass	1	2013-10-13 00:03:53.078
201	MainDriver	main : MainDriver	Step : Open Browser	Pass	1	2013-10-13 00:03:53.116
202	Sun-Oct-13-00:03:50-2013FIL-003211	ExecuteTestSteps : CommonStepsDriver	Opening browser	Pass	1	2013-10-13 00:03:53.147
203	Sun-Oct-13-00:03:50-2013FIL-003211	BrowserSelection : WebProgram	Started Firefox Browser	Pass	1	2013-10-13 00:03:58.433
204	Sun-Oct-13-00:03:50-2013FIL-003211	main : MainDriver	Step : Open Futureshop	Pass	1	2013-10-13 00:03:58.692
205	Sun-Oct-13-00:03:50-2013FIL-003262	main : MainDriver	Exception occurred in test step : global name 'FSDriver' is not defined	Error	3	2013-10-13 00:03:58.719
206	Sun-Oct-13-00:03:50-2013FIL-003262	main : MainDriver	Open Futureshop : Test Step Critical Failure	Error	3	2013-10-13 00:03:58.908
207	Sun-Oct-13-00:03:50-2013FIL-003262	main : MainDriver	Test Case Failed	Error	3	2013-10-13 00:03:58.939
208	Sun-Oct-13-00:03:50-2013FIL-003262	main : MainDriver	Test Set Completed	Pass	1	2013-10-13 00:03:59.002
209	MainDriver	main : MainDriver	Database connection successful	Pass	1	2013-10-13 00:07:58.862
210	MainDriver	main : MainDriver	Running Test cases from Test Set : [('Sun-Oct-13-00:07:58-2013', 'FIL-0032', 'riz', 'Windows post2008Server - 64', 'WMP:12.0,Outlook:2013 64', 'Default', None)]	Pass	1	2013-10-13 00:07:58.889
211	MainDriver	main : MainDriver	Running Test cases from list : [('FIL-0032',)]	Pass	1	2013-10-13 00:07:58.922
212	MainDriver	main : MainDriver	-------------*************--------------	Pass	1	2013-10-13 00:07:58.949
213	MainDriver	main : MainDriver	Running Test case id : FIL-0032 :: [('Selecting Menu',)]	Pass	1	2013-10-13 00:07:58.973
214	MainDriver	main : MainDriver	Step : Open Browser	Pass	1	2013-10-13 00:07:59.013
215	Sun-Oct-13-00:07:58-2013FIL-003211	ExecuteTestSteps : CommonStepsDriver	Opening browser	Pass	1	2013-10-13 00:07:59.047
216	Sun-Oct-13-00:07:58-2013FIL-003211	BrowserSelection : WebProgram	Started Firefox Browser	Pass	1	2013-10-13 00:08:03.987
217	Sun-Oct-13-00:07:58-2013FIL-003211	main : MainDriver	Step : Open Futureshop	Pass	1	2013-10-13 00:08:04.208
218	Sun-Oct-13-00:07:58-2013FIL-003262	main : MainDriver	Exception occurred in test step : global name 'FSDriver' is not defined	Error	3	2013-10-13 00:08:04.244
219	Sun-Oct-13-00:07:58-2013FIL-003262	main : MainDriver	Open Futureshop : Test Step Critical Failure	Error	3	2013-10-13 00:08:04.44
220	Sun-Oct-13-00:07:58-2013FIL-003262	main : MainDriver	Test Case Failed	Error	3	2013-10-13 00:08:04.472
221	Sun-Oct-13-00:07:58-2013FIL-003262	main : MainDriver	Test Set Completed	Pass	1	2013-10-13 00:08:04.53
222		main : MainDriver	Database connection successful	Pass	1	2013-10-13 00:14:46.34
223		main : MainDriver	Running Test cases from Test Set : [('Sun-Oct-13-00:14:44-2013', 'FIL-0032', 'riz', 'Windows post2008Server - 64', 'WMP:12.0,Outlook:2013 64', 'Default', None)]	Pass	1	2013-10-13 00:14:46.37
224		main : MainDriver	Running Test cases from list : [('FIL-0032',)]	Pass	1	2013-10-13 00:14:46.404
225	MainDriver	main : MainDriver	-------------*************--------------	Pass	1	2013-10-13 00:14:46.432
226	MainDriver	main : MainDriver	Running Test case id : FIL-0032 :: [('Selecting Menu',)]	Pass	1	2013-10-13 00:14:46.459
227	MainDriver	main : MainDriver	Step : Open Browser	Pass	1	2013-10-13 00:14:46.494
228	Sun-Oct-13-00:14:44-2013FIL-003211	ExecuteTestSteps : CommonStepsDriver	Opening browser	Pass	1	2013-10-13 00:14:46.528
229	Sun-Oct-13-00:14:44-2013FIL-003211	BrowserSelection : WebProgram	Started Firefox Browser	Pass	1	2013-10-13 00:14:51.337
230	Sun-Oct-13-00:14:44-2013FIL-003211	main : MainDriver	Step : Open Futureshop	Pass	1	2013-10-13 00:14:51.526
232	Sun-Oct-13-00:14:44-2013FIL-003262	main : MainDriver	Open Futureshop : Test Step Critical Failure	Error	3	2013-10-13 00:14:51.733
233	Sun-Oct-13-00:14:44-2013FIL-003262	main : MainDriver	Test Case Failed	Error	3	2013-10-13 00:14:51.765
234	Sun-Oct-13-00:14:44-2013FIL-003262	main : MainDriver	Test Set Completed	Pass	1	2013-10-13 00:14:51.831
235		main : MainDriver	Database connection successful	Pass	1	2013-10-13 00:17:59.006
236		main : MainDriver	Running Test cases from Test Set : [('Sun-Oct-13-00:17:55-2013', 'Failed_Rerun_FIL-0032', 'riz', 'Windows post2008Server - 64', 'WMP:12.0,Outlook:2013 64', 'Default', None)]	Pass	1	2013-10-13 00:18:19.732
237		main : MainDriver	Running Test cases from list : [('FIL-0032',)]	Pass	1	2013-10-13 00:18:45.38
238	MainDriver	main : MainDriver	-------------*************--------------	Pass	1	2013-10-13 00:19:17.398
239	MainDriver	main : MainDriver	Running Test case id : FIL-0032 :: [('Selecting Menu',)]	Pass	1	2013-10-13 00:19:18.316
240	MainDriver	main : MainDriver	Step : Open Browser	Pass	1	2013-10-13 00:19:46.026
241	Sun-Oct-13-00:17:55-2013FIL-003211	ExecuteTestSteps : CommonStepsDriver	Opening browser	Pass	1	2013-10-13 00:20:06.965
242	Sun-Oct-13-00:17:55-2013FIL-003211	BrowserSelection : WebProgram	Started Firefox Browser	Pass	1	2013-10-13 00:20:11.76
243	Sun-Oct-13-00:17:55-2013FIL-003211	main : MainDriver	Step : Open Futureshop	Pass	1	2013-10-13 00:21:19.823
244		main : MainDriver	Database connection successful	Pass	1	2013-10-13 00:24:46.31
245		main : MainDriver	Running Test cases from Test Set : [('Sun-Oct-13-00:24:43-2013', 'FIL-0032', 'riz', 'Windows post2008Server - 64', 'WMP:12.0,Outlook:2013 64', 'Default', None)]	Pass	1	2013-10-13 00:24:46.338
246		main : MainDriver	Running Test cases from list : [('FIL-0032',)]	Pass	1	2013-10-13 00:24:46.369
247	MainDriver	main : MainDriver	-------------*************--------------	Pass	1	2013-10-13 00:24:46.397
248	MainDriver	main : MainDriver	Running Test case id : FIL-0032 :: [('Selecting Menu',)]	Pass	1	2013-10-13 00:24:46.424
249	MainDriver	main : MainDriver	Step : Open Browser	Pass	1	2013-10-13 00:24:46.458
250	Sun-Oct-13-00:24:43-2013FIL-003211	ExecuteTestSteps : CommonStepsDriver	Opening browser	Pass	1	2013-10-13 00:24:46.486
251	Sun-Oct-13-00:24:43-2013FIL-003211	BrowserSelection : WebProgram	Started Firefox Browser	Pass	1	2013-10-13 00:24:51.211
252	Sun-Oct-13-00:24:43-2013FIL-003211	main : MainDriver	Step : Open Futureshop	Pass	1	2013-10-13 00:24:51.416
253	Sun-Oct-13-00:24:43-2013FIL-003262	ExecuteTestSteps : CommonStepsDriver	Opening futureshop site	Pass	1	2013-10-13 00:24:51.445
254	Sun-Oct-13-00:24:43-2013FIL-003262	OpenLink : WebProgram	Successfully opened your link: http://www.futureshop.ca	Pass	1	2013-10-13 00:24:52.459
255	Sun-Oct-13-00:24:43-2013FIL-003262	main : MainDriver	Open Futureshop : Test Step Passed	Pass	1	2013-10-13 00:24:52.676
256	Sun-Oct-13-00:24:43-2013FIL-003262	main : MainDriver	Step : Select Main Menu	Pass	1	2013-10-13 00:24:52.711
257	Sun-Oct-13-00:24:43-2013FIL-003273	SelectFirstLevelMenu : WebProgram	Found your main menu item: Departments	Pass	1	2013-10-13 00:24:56.876
258	Sun-Oct-13-00:24:43-2013FIL-003273	SelectFirstLevelMenu : WebProgram	Hovering over to your main menu: Departments	Pass	1	2013-10-13 00:24:57.073
259	Sun-Oct-13-00:24:43-2013FIL-003273	SelectFirstLevelMenu : WebProgram	Successfully hovered over your main menu: Departments	Pass	1	2013-10-13 00:24:57.102
260	Sun-Oct-13-00:24:43-2013FIL-003273	main : MainDriver	Test Case Passed	Pass	1	2013-10-13 00:24:57.322
261	Sun-Oct-13-00:24:43-2013FIL-003273	main : MainDriver	Test Set Completed	Pass	1	2013-10-13 00:24:57.392
\.


--
-- TOC entry 2536 (class 0 OID 0)
-- Dependencies: 177
-- Name: executionlog_executionlogid_seq; Type: SEQUENCE SET; Schema: public; Owner: postgres
--

SELECT pg_catalog.setval('executionlog_executionlogid_seq', 261, true);


--
-- TOC entry 2326 (class 0 OID 41174)
-- Dependencies: 178
-- Data for Name: expected; Type: TABLE DATA; Schema: public; Owner: postgres
--

COPY expected (expectedid, expectedrefid, entity, devicefilepath, md5whole, md5content, propertyid) FROM stdin;
\.


--
-- TOC entry 2328 (class 0 OID 41182)
-- Dependencies: 180
-- Data for Name: expected_container; Type: TABLE DATA; Schema: public; Owner: postgres
--

COPY expected_container (expectedplaylistid, exprefid, container_name, exporderid) FROM stdin;
\.


--
-- TOC entry 2329 (class 0 OID 41186)
-- Dependencies: 181
-- Data for Name: expected_container_items; Type: TABLE DATA; Schema: public; Owner: postgres
--

COPY expected_container_items (expectedpropertyid, propertyid, property, propvalue) FROM stdin;
\.


--
-- TOC entry 2330 (class 0 OID 41189)
-- Dependencies: 182
-- Data for Name: expected_datasets; Type: TABLE DATA; Schema: public; Owner: postgres
--

COPY expected_datasets (expectedrefid, dataid, datasetid, stepsseq) FROM stdin;
\.


--
-- TOC entry 2537 (class 0 OID 0)
-- Dependencies: 183
-- Name: expected_expectedid_seq; Type: SEQUENCE SET; Schema: public; Owner: postgres
--

SELECT pg_catalog.setval('expected_expectedid_seq', 1, true);


--
-- TOC entry 2538 (class 0 OID 0)
-- Dependencies: 179
-- Name: expectedcontainer_expectedplaylistid_seq; Type: SEQUENCE SET; Schema: public; Owner: postgres
--

SELECT pg_catalog.setval('expectedcontainer_expectedplaylistid_seq', 101, true);


--
-- TOC entry 2539 (class 0 OID 0)
-- Dependencies: 184
-- Name: expectedproperty_expectedpropertyid_seq; Type: SEQUENCE SET; Schema: public; Owner: postgres
--

SELECT pg_catalog.setval('expectedproperty_expectedpropertyid_seq', 1, true);


--
-- TOC entry 2333 (class 0 OID 41196)
-- Dependencies: 185
-- Data for Name: master_data; Type: TABLE DATA; Schema: public; Owner: postgres
--

COPY master_data (id, field, value) FROM stdin;
FIL-0029_s3_d1	first_item	Departments
FIL-0030_s3_d1	mainManu	Departments
FIL-0032_s3_d1	'main_menu'	Departments
\.


--
-- TOC entry 2334 (class 0 OID 41202)
-- Dependencies: 186
-- Data for Name: performance_results; Type: TABLE DATA; Schema: public; Owner: postgres
--

COPY performance_results (id, product_version, tc_id, run_id, duration, cpu_avg, cpu_peak, machine_os, hw_model, memory_delta, cpu_peaktime) FROM stdin;
\.


--
-- TOC entry 2540 (class 0 OID 0)
-- Dependencies: 187
-- Name: performanceresults_id_seq; Type: SEQUENCE SET; Schema: public; Owner: postgres
--

SELECT pg_catalog.setval('performanceresults_id_seq', 1, true);


--
-- TOC entry 2336 (class 0 OID 41210)
-- Dependencies: 188
-- Data for Name: permitted_user_list; Type: TABLE DATA; Schema: public; Owner: postgres
--

COPY permitted_user_list (user_names, user_level, email) FROM stdin;
jnibumon01e10	\N	test@test.com
riz	\N	hossain.iqbal@gmail.com
\.


--
-- TOC entry 2337 (class 0 OID 41216)
-- Dependencies: 189
-- Data for Name: product_sections; Type: TABLE DATA; Schema: public; Owner: postgres
--

COPY product_sections (section_id, section_path) FROM stdin;
1	Android
2	Android.Browser
3	Futureshop
4	Futureshop.Filters
\.


--
-- TOC entry 2541 (class 0 OID 0)
-- Dependencies: 190
-- Name: product_sections_section_id_seq; Type: SEQUENCE SET; Schema: public; Owner: postgres
--

SELECT pg_catalog.setval('product_sections_section_id_seq', 4, true);


--
-- TOC entry 2340 (class 0 OID 41231)
-- Dependencies: 193
-- Data for Name: test_case_datasets; Type: TABLE DATA; Schema: public; Owner: postgres
--

COPY test_case_datasets (tcdatasetid, tc_id, execornot, data_type) FROM stdin;
BRO-0002ds	BRO-0002	Yes	Default
FIL-0029ds	FIL-0029	Yes	Default
FIL-0031ds	FIL-0031	Yes	Default
FIL-0030ds	FIL-0030	Yes	Default
FIL-0032ds	FIL-0032	Yes	Default
\.


--
-- TOC entry 2341 (class 0 OID 41237)
-- Dependencies: 194
-- Data for Name: test_case_results; Type: TABLE DATA; Schema: public; Owner: postgres
--

COPY test_case_results (id, run_id, tc_id, status, teststarttime, testendtime, duration, failreason, faildetail, logid, screenshotsid, automationlogid) FROM stdin;
2	Tue-Aug-27-10:18:12-2013	BRO-0002	Failed	2013-08-27 10:18:16.626	2013-08-27 10:18:18.418	00:00:01	Exception occurred in test step : ExecuteTestSteps() takes exactly 8 arguments (7 given)	\N	False	\N	\N
3	Tue-Aug-27-10:31:26-2013	BRO-0002	Passed	2013-08-27 10:31:28.752	2013-08-27 10:31:30.837	00:00:02		\N	False	\N	\N
14	Tue-Oct-8-16:49:58-2013	FIL-0029	Failed	2013-10-08 16:50:01.798	2013-10-08 16:50:02.243	00:00:00		\N	C-\\Users\\Riz\\Documents\\Tue-Oct-8-16-49-58-2013\\FIL-0029_2013-10-08T16-50-01.zip	\N	\N
15	Thu-Oct-10-00:23:35-2013	FIL-0032	Failed	2013-10-10 00:23:38.667	2013-10-10 00:23:39.196	00:00:00		\N	C-\\Users\\Riz\\Documents\\Thu-Oct-10-00-23-35-2013\\FIL-0032_2013-10-10T00-23-38.zip	\N	\N
16	Thu-Oct-10-00:25:12-2013	FIL-0032	Failed	2013-10-10 00:25:13.116	2013-10-10 00:25:13.461	00:00:00		\N	C-\\Users\\Riz\\Documents\\Thu-Oct-10-00-25-12-2013\\FIL-0032_2013-10-10T00-25-13.zip	\N	\N
17	Thu-Oct-10-00:37:12-2013	FIL-0032	Failed	2013-10-10 00:37:15.329	2013-10-10 00:37:15.896	00:00:00		\N	C-\\Users\\Riz\\Documents\\Thu-Oct-10-00-37-12-2013\\FIL-0032_2013-10-10T00-37-15.zip	\N	\N
18	Thu-Oct-10-00:39:04-2013	FIL-0032	Failed	2013-10-10 00:39:06.911	2013-10-10 00:39:07.289	00:00:00		\N	C-\\Users\\Riz\\Documents\\Thu-Oct-10-00-39-04-2013\\FIL-0032_2013-10-10T00-39-06.zip	\N	\N
19	Thu-Oct-10-00:39:34-2013	FIL-0032	Passed	2013-10-10 00:39:36.901	2013-10-10 00:39:48.837	00:00:11		\N	C-\\Users\\Riz\\Documents\\Thu-Oct-10-00-39-34-2013\\FIL-0032_2013-10-10T00-39-36.zip	\N	\N
20	Sun-Oct-13-00:03:50-2013	FIL-0032	Failed	2013-10-13 00:03:52.999	2013-10-13 00:03:58.915	00:00:05	Exception occurred in test step : global name 'FSDriver' is not defined	\N	C-\\Users\\Riz\\Documents\\Sun-Oct-13-00-03-50-2013\\FIL-0032_2013-10-13T00-03-53.zip	\N	\N
21	Sun-Oct-13-00:07:58-2013	FIL-0032	Failed	2013-10-13 00:07:58.898	2013-10-13 00:08:04.448	00:00:05	Exception occurred in test step : global name 'FSDriver' is not defined	\N	C-\\Users\\Riz\\Documents\\Sun-Oct-13-00-07-58-2013\\FIL-0032_2013-10-13T00-07-58.zip	\N	\N
22	Sun-Oct-13-00:14:44-2013	FIL-0032	Failed	2013-10-13 00:14:46.38	2013-10-13 00:14:51.743	00:00:05	Exception occurred in test step : 'module' object has no attribute 'ExecuteTestSteps'	\N	C-\\Users\\Riz\\Documents\\Sun-Oct-13-00-14-44-2013\\FIL-0032_2013-10-13T00-14-46.zip	\N	\N
23	Sun-Oct-13-00:17:55-2013	FIL-0032	In-Progress	2013-10-13 00:18:32.722	\N	\N	\N	\N	\N	\N	\N
24	Sun-Oct-13-00:24:43-2013	FIL-0032	Passed	2013-10-13 00:24:46.346	2013-10-13 00:24:52.719	00:00:06		\N	C-\\Users\\Riz\\Documents\\Sun-Oct-13-00-24-43-2013\\FIL-0032_2013-10-13T00-24-46.zip	\N	\N
\.


--
-- TOC entry 2342 (class 0 OID 41243)
-- Dependencies: 195
-- Data for Name: test_case_tag; Type: TABLE DATA; Schema: public; Owner: postgres
--

COPY test_case_tag (tc_id, name, property) FROM stdin;
BRO-0002	BRO-0002	tcid
BRO-0002	[u'']	MKS
BRO-0002	Default	Data_Type
BRO-0002	PC	machine_os
BRO-0002	Status	Dev
BRO-0002	smoke	test_run_type
BRO-0002	Android	Priority
BRO-0002		Section
BRO-0002	2	section_id
BRO-0002	Dependency	Outlook
BRO-0002	Outlook	client
BRO-0002		JiraId
BRO-0002		PRDId
FIL-0029	FIL-0029	tcid
FIL-0029	[u"[u'']"]	MKS
FIL-0029	Default	Data_Type
FIL-0029	PC	machine_os
FIL-0029	Status	Dev
FIL-0029	smoke	test_run_type
FIL-0029	Futureshop	Priority
FIL-0029		Section
FIL-0029	4	section_id
FIL-0029	Dependency	Chrome
FIL-0029	Dependency	Firefox
FIL-0029		JiraId
FIL-0029		PRDId
FIL-0031	FIL-0031	tcid
FIL-0031	[u'']	MKS
FIL-0031	Default	Data_Type
FIL-0031	PC	machine_os
FIL-0031	Status	Dev
FIL-0031		test_run_type
FIL-0031	Futureshop	Priority
FIL-0031		Section
FIL-0031	4	section_id
FIL-0031	Dependency	Chrome
FIL-0031	Dependency	Firefox
FIL-0031		JiraId
FIL-0031		PRDId
FIL-0030	FIL-0030	tcid
FIL-0030	[u'343']	MKS
FIL-0030	Default	Data_Type
FIL-0030	Mac	machine_os
FIL-0030	MacStatus	Dev
FIL-0030	smoke	Mac_test_run_type
FIL-0030	si	Mac_test_run_type
FIL-0030	Futureshop	MacPriority
FIL-0030		MacSection
FIL-0030	4	mac_section_id
FIL-0030	MacDependency	Chrome
FIL-0030	MacDependency	Firefox
FIL-0030	MacDependency	IE
FIL-0030	345	JiraId
FIL-0030	454	PRDId
FIL-0032	FIL-0032	tcid
FIL-0032	[u"[u'']"]	MKS
FIL-0032	Default	Data_Type
FIL-0032	PC	machine_os
FIL-0032	Status	Dev
FIL-0032	smoke	test_run_type
FIL-0032	Futureshop	Priority
FIL-0032		Section
FIL-0032	4	section_id
FIL-0032	Dependency	Chrome
FIL-0032	Dependency	Firefox
FIL-0032	Dependency	IE
FIL-0032		JiraId
FIL-0032		PRDId
\.


--
-- TOC entry 2339 (class 0 OID 41224)
-- Dependencies: 191
-- Data for Name: test_cases; Type: TABLE DATA; Schema: public; Owner: postgres
--

COPY test_cases (tc_id, tc_name, tc_type, tc_executiontype, tc_priority, tc_localization, tc_createdby, tc_creationdate, tc_modifiedby, tc_modifydate, defectid, prd_no) FROM stdin;
BRO-0002	Browser testing	Auto	\N	\N	Yes	Test	2013-08-27	Test	2013-08-27	\N	\N
FIL-0029	created second time	Auto	\N	\N	Yes	Test	2013-10-08	Test	2013-10-08	\N	\N
FIL-0031	hfhfhfhj	Auto	\N	\N	Yes	Test	2013-10-08	Test	2013-10-08	\N	\N
FIL-0030	testing dependency	Auto	\N	\N	Yes	Test	2013-10-08	Test	2013-10-10	\N	\N
FIL-0032	Selecting Menu	Auto	\N	\N	Yes	Test	2013-10-10	Test	2013-10-10	\N	\N
\.


--
-- TOC entry 2343 (class 0 OID 41246)
-- Dependencies: 196
-- Data for Name: test_data_sets; Type: TABLE DATA; Schema: public; Owner: postgres
--

COPY test_data_sets (id, testdatasetid, dataid) FROM stdin;
\.


--
-- TOC entry 2344 (class 0 OID 41249)
-- Dependencies: 197
-- Data for Name: test_env_results; Type: TABLE DATA; Schema: public; Owner: postgres
--

COPY test_env_results (id, run_id, tester_id, status, teststarttime, testendtime, duration, rundescription) FROM stdin;
2	Tue-Aug-27-10:18:12-2013	jnibumon01e10	Complete	2013-08-27 10:18:16.621	2013-08-27 10:18:18.646	00:00:02	BRO-0002 Outlook:2010 64
3	Tue-Aug-27-10:31:26-2013	jnibumon01e10	Complete	2013-08-27 10:31:28.748	2013-08-27 10:31:31.06	00:00:02	BRO-0002 Outlook:2010 64
4	Sun-Oct-6-18:39:40-2013	jnibumon01e10	Complete	2013-10-06 18:39:43.652	2013-10-06 18:39:45.079	00:00:01	FIL-0028 Firefox
5	Sun-Oct-6-18:50:46-2013	jnibumon01e10	Complete	2013-10-06 18:50:48.093	2013-10-06 18:50:48.562	00:00:00	FIL-0028 Firefox
6	Sun-Oct-6-18:53:47-2013	jnibumon01e10	Complete	2013-10-06 18:53:49.253	2013-10-06 18:53:49.745	00:00:00	FIL-0028 Firefox
7	Sun-Oct-6-18:58:27-2013	jnibumon01e10	Complete	2013-10-06 18:58:29.211	2013-10-06 18:59:33.418	00:01:04	FIL-0028 Firefox
8	Sun-Oct-6-19:03:27-2013	jnibumon01e10	Complete	2013-10-06 19:03:30.34	2013-10-06 19:03:31.012	00:00:00	FIL-0028 Firefox
9	Sun-Oct-6-19:04:28-2013	jnibumon01e10	Cancelled	2013-10-06 19:04:31.545	\N	\N	FIL-0028 Firefox
10	Sun-Oct-6-19:05:38-2013	jnibumon01e10	Cancelled	2013-10-06 19:05:44.217	\N	\N	FIL-0028 Firefox
11	Sun-Oct-6-19:07:37-2013	jnibumon01e10	Cancelled	2013-10-06 19:07:39.025	\N	\N	FIL-0028 Firefox
12	Sun-Oct-6-19:08:33-2013	jnibumon01e10	Cancelled	2013-10-06 19:08:35.769	\N	\N	FIL-0028 Firefox
13	Sun-Oct-6-19:10:35-2013	jnibumon01e10	Complete	2013-10-06 19:10:40.014	2013-10-06 19:11:44.624	00:01:04	FIL-0028 Firefox
14	Tue-Oct-8-16:49:58-2013	riz	Complete	2013-10-08 16:50:01.796	2013-10-08 16:50:02.295	00:00:00	FIL-0029
15	Thu-Oct-10-00:23:35-2013	riz	Complete	2013-10-10 00:23:38.659	2013-10-10 00:23:39.277	00:00:00	FIL-0032
16	Thu-Oct-10-00:25:12-2013	riz	Complete	2013-10-10 00:25:13.114	2013-10-10 00:25:13.516	00:00:00	FIL-0032
17	Thu-Oct-10-00:37:12-2013	riz	Complete	2013-10-10 00:37:15.322	2013-10-10 00:37:15.947	00:00:00	FIL-0032
18	Thu-Oct-10-00:39:04-2013	riz	Complete	2013-10-10 00:39:06.909	2013-10-10 00:39:07.345	00:00:00	FIL-0032
19	Thu-Oct-10-00:39:34-2013	riz	Complete	2013-10-10 00:39:36.899	2013-10-10 00:39:48.916	00:00:12	FIL-0032
20	Sun-Oct-13-00:03:50-2013	riz	Complete	2013-10-13 00:03:52.997	2013-10-13 00:03:58.977	00:00:05	FIL-0032
21	Sun-Oct-13-00:07:58-2013	riz	Complete	2013-10-13 00:07:58.896	2013-10-13 00:08:04.496	00:00:05	FIL-0032
22	Sun-Oct-13-00:14:44-2013	riz	Complete	2013-10-13 00:14:46.378	2013-10-13 00:14:51.797	00:00:05	FIL-0032
23	Sun-Oct-13-00:17:55-2013	riz	Cancelled	2013-10-13 00:18:26.608	\N	\N	Failed_Rerun_FIL-0032
24	Sun-Oct-13-00:24:43-2013	riz	Complete	2013-10-13 00:24:46.344	2013-10-13 00:24:57.364	00:00:11	FIL-0032
\.


--
-- TOC entry 2345 (class 0 OID 41255)
-- Dependencies: 198
-- Data for Name: test_run; Type: TABLE DATA; Schema: public; Owner: postgres
--

COPY test_run (id, run_id, tc_id, status, executiontime) FROM stdin;
2	Tue-Aug-27-10:13:43-2013	BRO-0002	\N	\N
3	Tue-Aug-27-10:18:12-2013	BRO-0002	\N	\N
4	Tue-Aug-27-10:31:26-2013	BRO-0002	\N	\N
15	Tue-Oct-8-16:49:58-2013	FIL-0029	\N	\N
16	Thu-Oct-10-00:23:35-2013	FIL-0032	\N	\N
17	Thu-Oct-10-00:25:12-2013	FIL-0032	\N	\N
18	Thu-Oct-10-00:37:12-2013	FIL-0032	\N	\N
19	Thu-Oct-10-00:39:04-2013	FIL-0032	\N	\N
20	Thu-Oct-10-00:39:34-2013	FIL-0032	\N	\N
21	Sun-Oct-13-00:02:07-2013	FIL-0032	\N	\N
22	Sun-Oct-13-00:03:50-2013	FIL-0032	\N	\N
23	Sun-Oct-13-00:07:58-2013	FIL-0032	\N	\N
24	Sun-Oct-13-00:14:44-2013	FIL-0032	\N	\N
25	Sun-Oct-13-00:17:55-2013	FIL-0032	\N	\N
26	Sun-Oct-13-00:23:24-2013	FIL-0032	\N	\N
27	Sun-Oct-13-00:24:43-2013	FIL-0032	\N	\N
\.


--
-- TOC entry 2346 (class 0 OID 41258)
-- Dependencies: 199
-- Data for Name: test_run_env; Type: TABLE DATA; Schema: public; Owner: postgres
--

COPY test_run_env (id, run_id, rundescription, tester_id, status, test_run_type, machine_os, client, data_type, last_updated_time, product_version, machine_ip, email_notification, test_objective) FROM stdin;
14	Sun-Oct-6-19:03:27-2013	FIL-0028 Firefox	jnibumon01e10	Complete	\N	Windows 7 - 64	Firefox	Default	20131006190326		192.168.1.124		test
6	Sun-Oct-6-18:39:40-2013	FIL-0028 Firefox	jnibumon01e10	Complete	\N	Windows 7 - 64	Firefox	Default	20131006183939		192.168.1.124 - Network Error		test
4170	Tue-Aug-27-10:13:43-2013	BRO-0002 Outlook:2010 64	jnibumon01e10	Cancelled	\N	Windows 7 - 64	Outlook:2010 64	Default	20130826073055		192.168.1.121 - Network Error		test
20	Sun-Oct-6-19:10:35-2013	FIL-0028 Firefox	jnibumon01e10	Complete	\N	Windows 7 - 64	Firefox	Default	20131006191034		192.168.1.124		test
21	\N	\N	jnibumon01e10	Unassigned	\N	Windows 7 - 64	iTunes:10.6,WMP:12.0,Outlook:2010 64	Default	20131006191148		192.168.1.124	\N	\N
12	Sun-Oct-6-18:58:27-2013	FIL-0028 Firefox	jnibumon01e10	Complete	\N	Windows 7 - 64	Firefox	Default	20131006185825		192.168.1.124		test
2	Tue-Aug-27-10:18:12-2013	BRO-0002 Outlook:2010 64	jnibumon01e10	Complete	\N	Windows 7 - 64	Outlook:2010 64	Default	20130827101810		10.14.17.144 - Network Error		test
8	Sun-Oct-6-18:50:46-2013	FIL-0028 Firefox	jnibumon01e10	Complete	\N	Windows 7 - 64	Firefox	Default	20131006185043		192.168.1.124		test
16	Sun-Oct-6-19:04:28-2013	FIL-0028 Firefox	jnibumon01e10	Cancelled	\N	Windows 7 - 64	Firefox	Default	20131006190427		192.168.1.124		test
17	Sun-Oct-6-19:05:38-2013	FIL-0028 Firefox	jnibumon01e10	Cancelled	\N	Windows 7 - 64	Firefox	Default	20131006190533		192.168.1.124		test
4	Tue-Aug-27-10:31:26-2013	BRO-0002 Outlook:2010 64	jnibumon01e10	Complete	\N	Windows 7 - 64	Outlook:2010 64	Default	20130827103126		10.14.17.144 - Network Error		test
18	Sun-Oct-6-19:07:37-2013	FIL-0028 Firefox	jnibumon01e10	Cancelled	\N	Windows 7 - 64	Firefox	Default	20131006190733		192.168.1.124		test
10	Sun-Oct-6-18:53:47-2013	FIL-0028 Firefox	jnibumon01e10	Complete	\N	Windows 7 - 64	Firefox	Default	20131006185345		192.168.1.124		test
19	Sun-Oct-6-19:08:33-2013	FIL-0028 Firefox	jnibumon01e10	Cancelled	\N	Windows 7 - 64	Firefox	Default	20131006190830		192.168.1.124		test
34	Sun-Oct-13-00:02:07-2013	FIL-0032	riz	Cancelled	\N	Windows post2008Server - 64	WMP:12.0,Outlook:2013 64	Default	20131013000206		169.254.210.92		asf
32	Thu-Oct-10-00:39:34-2013	FIL-0032	riz	Complete	\N	Windows post2008Server - 64	WMP:12.0,Outlook:2013 64	Default	20131010003932		169.254.210.92		sdf
29	Thu-Oct-10-00:37:12-2013	FIL-0032	riz	Complete	\N	Windows post2008Server - 64	WMP:12.0,Outlook:2013 64	Default	20131010003709		169.254.210.92		sdf
25	Thu-Oct-10-00:23:35-2013	FIL-0032	riz	Complete	\N	Windows post2008Server - 64	WMP:12.0,Outlook:2013 64	Default	20131010002333		169.254.174.39		asdf
42	Sun-Oct-13-00:17:55-2013	Failed_Rerun_FIL-0032	riz	Cancelled	\N	Windows post2008Server - 64	WMP:12.0,Outlook:2013 64	Default	2013101301755		169.254.210.92		Failed_Rerun_asf
26	Thu-Oct-10-00:25:12-2013	FIL-0032	riz	Complete	\N	Windows post2008Server - 64	WMP:12.0,Outlook:2013 64	Default	20131010002509		169.254.174.39		asdf
43	Sun-Oct-13-00:23:24-2013	Failed_Rerun_FIL-0032	riz	Cancelled	\N	Windows post2008Server - 64	WMP:12.0,Outlook:2013 64	Default	2013101302324		169.254.210.92		Failed_Rerun_asf
23	Tue-Oct-8-16:49:58-2013	FIL-0029	riz	Complete	\N	Windows post2008Server - 64	WMP:12.0,Outlook:2013 64	Default	20131008164957		169.254.121.242		te
37	Sun-Oct-13-00:07:58-2013	FIL-0032	riz	Complete	\N	Windows post2008Server - 64	WMP:12.0,Outlook:2013 64	Default	20131013000757		169.254.210.92		asf
35	Sun-Oct-13-00:03:50-2013	FIL-0032	riz	Complete	\N	Windows post2008Server - 64	WMP:12.0,Outlook:2013 64	Default	20131013000349		169.254.210.92		asf
44	Sun-Oct-13-00:24:43-2013	FIL-0032	riz	Complete	\N	Windows post2008Server - 64	WMP:12.0,Outlook:2013 64	Default	20131013002442		169.254.210.92		first full test case with log
30	Thu-Oct-10-00:39:04-2013	FIL-0032	riz	Complete	\N	Windows post2008Server - 64	WMP:12.0,Outlook:2013 64	Default	20131010003903		169.254.210.92		sdf
45	\N	\N	riz	Unassigned	\N	Windows post2008Server - 64	WMP:12.0,Outlook:2013 64	Default	20131013003213		169.254.210.92	\N	\N
39	Sun-Oct-13-00:14:44-2013	FIL-0032	riz	Complete	\N	Windows post2008Server - 64	WMP:12.0,Outlook:2013 64	Default	20131013001442		169.254.210.92		asf
\.


--
-- TOC entry 2347 (class 0 OID 41264)
-- Dependencies: 200
-- Data for Name: test_sets; Type: TABLE DATA; Schema: public; Owner: postgres
--

COPY test_sets (id, test_set_name, tc_id, created_by, testset_id) FROM stdin;
\.


--
-- TOC entry 2542 (class 0 OID 0)
-- Dependencies: 201
-- Name: test_sets_id_seq; Type: SEQUENCE SET; Schema: public; Owner: postgres
--

SELECT pg_catalog.setval('test_sets_id_seq', 1, true);


--
-- TOC entry 2349 (class 0 OID 41272)
-- Dependencies: 202
-- Data for Name: test_step_results; Type: TABLE DATA; Schema: public; Owner: postgres
--

COPY test_step_results (id, run_id, tc_id, teststep_id, status, stepstarttime, stependtime, duration, failreason, faildetail, logid, start_memory, end_memory, memory_consumed, teststepsequence, testcaseresulttindex) FROM stdin;
2	Tue-Aug-27-10:18:12-2013	BRO-0002	1	Critical	2013-08-27 10:18:17.597	2013-08-27 10:18:18.049	00:00:00	\N	\N	Tue-Aug-27-10:18:12-2013BRO-000211	5594	5594	0	20	2
3	Tue-Aug-27-10:31:26-2013	BRO-0002	1	Pass	2013-08-27 10:31:29.398	2013-08-27 10:31:29.837	00:00:00	\N	\N	Tue-Aug-27-10:31:26-2013BRO-000211	5612	5613	-1	20	3
4	Tue-Aug-27-10:31:26-2013	BRO-0002	2	Pass	2013-08-27 10:31:30.152	2013-08-27 10:31:30.58	00:00:00	\N	\N	Tue-Aug-27-10:31:26-2013BRO-000222	5603	5603	0	30	3
27	Tue-Oct-8-16:49:58-2013	FIL-0029	1	Critical	2013-10-08 16:50:01.905	2013-10-08 16:50:01.976	00:00:00	\N	\N	Tue-Oct-8-16:49:58-2013FIL-002911	4894	4893	1	1000	14
28	Thu-Oct-10-00:23:35-2013	FIL-0032	1	Critical	2013-10-10 00:23:38.765	2013-10-10 00:23:38.843	00:00:00	\N	\N	Thu-Oct-10-00:23:35-2013FIL-003211	4218	4218	0	1080	15
29	Thu-Oct-10-00:25:12-2013	FIL-0032	1	Critical	2013-10-10 00:25:13.197	2013-10-10 00:25:13.252	00:00:00	\N	\N	Thu-Oct-10-00:25:12-2013FIL-003211	4185	4185	0	1080	16
30	Thu-Oct-10-00:37:12-2013	FIL-0032	1	Critical	2013-10-10 00:37:15.428	2013-10-10 00:37:15.608	00:00:00	\N	\N	Thu-Oct-10-00:37:12-2013FIL-003211	5485	5484	1	1080	17
31	Thu-Oct-10-00:39:04-2013	FIL-0032	1	Critical	2013-10-10 00:39:07.004	2013-10-10 00:39:07.064	00:00:00	\N	\N	Thu-Oct-10-00:39:04-2013FIL-003211	5462	5462	0	1080	18
32	Thu-Oct-10-00:39:34-2013	FIL-0032	1	Pass	2013-10-10 00:39:36.998	2013-10-10 00:39:42.49	00:00:05	\N	\N	Thu-Oct-10-00:39:34-2013FIL-003211	5478	5379	99	1080	19
33	Thu-Oct-10-00:39:34-2013	FIL-0032	6	Pass	2013-10-10 00:39:42.7	2013-10-10 00:39:43.561	00:00:00	\N	\N	Thu-Oct-10-00:39:34-2013FIL-003262	5376	5364	12	1090	19
34	Thu-Oct-10-00:39:34-2013	FIL-0032	7	Pass	2013-10-10 00:39:43.816	2013-10-10 00:39:43.864	00:00:04	\N	\N	Thu-Oct-10-00:39:34-2013FIL-003273	5359	5288	71	1100	19
35	Sun-Oct-13-00:03:50-2013	FIL-0032	1	In-Progress	2013-10-13 00:03:53.087	\N	\N	\N	\N	Sun-Oct-13-00:03:50-2013FIL-003211	5248	\N	\N	1110	20
36	Sun-Oct-13-00:03:50-2013	FIL-0032	6	Critical	2013-10-13 00:03:58.437	2013-10-13 00:03:58.721	00:00:00	\N	\N	Sun-Oct-13-00:03:50-2013FIL-003262	5112	5112	0	1120	20
37	Sun-Oct-13-00:07:58-2013	FIL-0032	1	In-Progress	2013-10-13 00:07:58.981	\N	\N	\N	\N	Sun-Oct-13-00:07:58-2013FIL-003211	5205	\N	\N	1110	21
38	Sun-Oct-13-00:07:58-2013	FIL-0032	6	Critical	2013-10-13 00:08:03.991	2013-10-13 00:08:04.25	00:00:00	\N	\N	Sun-Oct-13-00:07:58-2013FIL-003262	5111	5109	2	1120	21
39	Sun-Oct-13-00:14:44-2013	FIL-0032	1	In-Progress	2013-10-13 00:14:46.468	\N	\N	\N	\N	Sun-Oct-13-00:14:44-2013FIL-003211	5182	\N	\N	1110	22
40	Sun-Oct-13-00:14:44-2013	FIL-0032	6	Critical	2013-10-13 00:14:51.34	2013-10-13 00:14:51.558	00:00:00	\N	\N	Sun-Oct-13-00:14:44-2013FIL-003262	5095	5095	0	1120	22
41	Sun-Oct-13-00:17:55-2013	FIL-0032	1	In-Progress	2013-10-13 00:19:29.375	\N	\N	\N	\N	Sun-Oct-13-00:17:55-2013FIL-003211	5228	\N	\N	1110	23
42	Sun-Oct-13-00:17:55-2013	FIL-0032	6	In-Progress	2013-10-13 00:20:43.845	\N	\N	\N	\N	Sun-Oct-13-00:17:55-2013FIL-003262	5135	\N	\N	1120	23
43	Sun-Oct-13-00:24:43-2013	FIL-0032	1	In-Progress	2013-10-13 00:24:46.431	\N	\N	\N	\N	Sun-Oct-13-00:24:43-2013FIL-003211	5175	\N	\N	1110	24
44	Sun-Oct-13-00:24:43-2013	FIL-0032	6	Pass	2013-10-13 00:24:51.215	2013-10-13 00:24:52.462	00:00:01	\N	\N	Sun-Oct-13-00:24:43-2013FIL-003262	5057	5040	17	1120	24
45	Sun-Oct-13-00:24:43-2013	FIL-0032	7	In-Progress	2013-10-13 00:24:52.685	\N	\N	\N	\N	Sun-Oct-13-00:24:43-2013FIL-003273	5037	\N	\N	1130	24
\.


--
-- TOC entry 2351 (class 0 OID 41280)
-- Dependencies: 204
-- Data for Name: test_steps; Type: TABLE DATA; Schema: public; Owner: postgres
--

COPY test_steps (id, tc_id, step_id, teststepsequence, test_step_type) FROM stdin;
11	BRO-0002	1	20	\N
12	BRO-0002	2	30	\N
109	FIL-0029	1	1000	\N
110	FIL-0029	6	1010	\N
111	FIL-0029	7	1020	\N
113	FIL-0031	2	1040	\N
114	FIL-0030	1	1050	\N
115	FIL-0030	6	1060	\N
116	FIL-0030	7	1070	\N
120	FIL-0032	1	1110	\N
121	FIL-0032	6	1120	\N
122	FIL-0032	7	1130	\N
\.


--
-- TOC entry 2352 (class 0 OID 41284)
-- Dependencies: 205
-- Data for Name: test_steps_data; Type: TABLE DATA; Schema: public; Owner: postgres
--

COPY test_steps_data (id, tcdatasetid, testdatasetid, teststepseq) FROM stdin;
18	FIL-0029ds	FIL-0029_s3	1020
19	FIL-0030ds	FIL-0030_s3	1070
21	FIL-0032ds	FIL-0032_s3	1130
\.


--
-- TOC entry 2353 (class 0 OID 41287)
-- Dependencies: 206
-- Data for Name: test_steps_list; Type: TABLE DATA; Schema: public; Owner: postgres
--

COPY test_steps_list (step_id, stepname, description, stepsection, steptype, data_required) FROM stdin;
1	Open Browser	Opens a browser	Common	Client	\N
2	Close Browser	Closes a browser	Common	Client	\N
5	Open WebPage	Navigates to a web address	Common	Client	t
6	Open Futureshop	goes to futureshop.ca	Common	Client	\N
7	Select Main Menu	Selects a main menu item	Common	Client	t
8	Select Sub Menu 1	Selects a sub menu	Common	Client	t
11	Select Sub Menu 2	Selects a sub menu	Common	Client	t
14	Select Filter Checkbox	Selects a filter check box	Common	Client	t
15	Verify Filter Items Count	verify count	Common	Client	t
\.


--
-- TOC entry 2543 (class 0 OID 0)
-- Dependencies: 207
-- Name: testcase_testcaseid_seq; Type: SEQUENCE SET; Schema: public; Owner: postgres
--

SELECT pg_catalog.setval('testcase_testcaseid_seq', 32, true);


--
-- TOC entry 2544 (class 0 OID 0)
-- Dependencies: 208
-- Name: testdataset_id_seq; Type: SEQUENCE SET; Schema: public; Owner: postgres
--

SELECT pg_catalog.setval('testdataset_id_seq', 1, true);


--
-- TOC entry 2545 (class 0 OID 0)
-- Dependencies: 209
-- Name: testenvresults_id; Type: SEQUENCE SET; Schema: public; Owner: postgres
--

SELECT pg_catalog.setval('testenvresults_id', 1, false);


--
-- TOC entry 2546 (class 0 OID 0)
-- Dependencies: 210
-- Name: testenvresults_id_seq; Type: SEQUENCE SET; Schema: public; Owner: postgres
--

SELECT pg_catalog.setval('testenvresults_id_seq', 24, true);


--
-- TOC entry 2547 (class 0 OID 0)
-- Dependencies: 211
-- Name: testresults_id_seq; Type: SEQUENCE SET; Schema: public; Owner: postgres
--

SELECT pg_catalog.setval('testresults_id_seq', 24, true);


--
-- TOC entry 2548 (class 0 OID 0)
-- Dependencies: 212
-- Name: testrun_id_seq; Type: SEQUENCE SET; Schema: public; Owner: postgres
--

SELECT pg_catalog.setval('testrun_id_seq', 27, true);


--
-- TOC entry 2549 (class 0 OID 0)
-- Dependencies: 213
-- Name: testrun_testrunid_seq; Type: SEQUENCE SET; Schema: public; Owner: postgres
--

SELECT pg_catalog.setval('testrun_testrunid_seq', 1, false);


--
-- TOC entry 2550 (class 0 OID 0)
-- Dependencies: 214
-- Name: testrunenv_id_seq; Type: SEQUENCE SET; Schema: public; Owner: postgres
--

SELECT pg_catalog.setval('testrunenv_id_seq', 45, true);


--
-- TOC entry 2551 (class 0 OID 0)
-- Dependencies: 215
-- Name: teststepdata_id_seq; Type: SEQUENCE SET; Schema: public; Owner: postgres
--

SELECT pg_catalog.setval('teststepdata_id_seq', 21, true);


--
-- TOC entry 2552 (class 0 OID 0)
-- Dependencies: 216
-- Name: teststepresults_id_seq; Type: SEQUENCE SET; Schema: public; Owner: postgres
--

SELECT pg_catalog.setval('teststepresults_id_seq', 45, true);


--
-- TOC entry 2553 (class 0 OID 0)
-- Dependencies: 217
-- Name: teststeps_stepsid_seq; Type: SEQUENCE SET; Schema: public; Owner: postgres
--

SELECT pg_catalog.setval('teststeps_stepsid_seq', 2, true);


--
-- TOC entry 2554 (class 0 OID 0)
-- Dependencies: 218
-- Name: teststepslist_step_id_seq; Type: SEQUENCE SET; Schema: public; Owner: postgres
--

SELECT pg_catalog.setval('teststepslist_step_id_seq', 15, true);


--
-- TOC entry 2555 (class 0 OID 0)
-- Dependencies: 219
-- Name: teststepstemp_id_seq; Type: SEQUENCE SET; Schema: public; Owner: postgres
--

SELECT pg_catalog.setval('teststepstemp_id_seq', 122, true);


--
-- TOC entry 2556 (class 0 OID 0)
-- Dependencies: 203
-- Name: teststepstemp_teststepsequence_seq; Type: SEQUENCE SET; Schema: public; Owner: postgres
--

SELECT pg_catalog.setval('teststepstemp_teststepsequence_seq', 1130, true);


--
-- TOC entry 2251 (class 2606 OID 41336)
-- Name: container_type_data_dataid_curname_newname_key; Type: CONSTRAINT; Schema: public; Owner: postgres; Tablespace: 
--

ALTER TABLE ONLY container_type_data
    ADD CONSTRAINT container_type_data_dataid_curname_newname_key UNIQUE (dataid, curname, newname);


--
-- TOC entry 2255 (class 2606 OID 41338)
-- Name: daily_build_user_pkey; Type: CONSTRAINT; Schema: public; Owner: postgres; Tablespace: 
--

ALTER TABLE ONLY daily_build_status
    ADD CONSTRAINT daily_build_user_pkey PRIMARY KEY (id);


--
-- TOC entry 2257 (class 2606 OID 41340)
-- Name: executionlog_pkey; Type: CONSTRAINT; Schema: public; Owner: postgres; Tablespace: 
--

ALTER TABLE ONLY execution_log
    ADD CONSTRAINT executionlog_pkey PRIMARY KEY (executionlogid);


--
-- TOC entry 2259 (class 2606 OID 41342)
-- Name: expected_pkey; Type: CONSTRAINT; Schema: public; Owner: postgres; Tablespace: 
--

ALTER TABLE ONLY expected
    ADD CONSTRAINT expected_pkey PRIMARY KEY (expectedid);


--
-- TOC entry 2261 (class 2606 OID 41344)
-- Name: expectedplaylist_pkey; Type: CONSTRAINT; Schema: public; Owner: postgres; Tablespace: 
--

ALTER TABLE ONLY expected_container
    ADD CONSTRAINT expectedplaylist_pkey PRIMARY KEY (expectedplaylistid);


--
-- TOC entry 2263 (class 2606 OID 41346)
-- Name: expectedproperty_pkey; Type: CONSTRAINT; Schema: public; Owner: postgres; Tablespace: 
--

ALTER TABLE ONLY expected_container_items
    ADD CONSTRAINT expectedproperty_pkey PRIMARY KEY (expectedpropertyid);


--
-- TOC entry 2265 (class 2606 OID 41348)
-- Name: expectedref_pkey; Type: CONSTRAINT; Schema: public; Owner: postgres; Tablespace: 
--

ALTER TABLE ONLY expected_datasets
    ADD CONSTRAINT expectedref_pkey PRIMARY KEY (expectedrefid);


--
-- TOC entry 2269 (class 2606 OID 41350)
-- Name: performanceresults_pkey; Type: CONSTRAINT; Schema: public; Owner: postgres; Tablespace: 
--

ALTER TABLE ONLY performance_results
    ADD CONSTRAINT performanceresults_pkey PRIMARY KEY (id);


--
-- TOC entry 2271 (class 2606 OID 41352)
-- Name: permitteduserlist_pkey; Type: CONSTRAINT; Schema: public; Owner: postgres; Tablespace: 
--

ALTER TABLE ONLY permitted_user_list
    ADD CONSTRAINT permitteduserlist_pkey PRIMARY KEY (user_names);


--
-- TOC entry 2267 (class 2606 OID 41354)
-- Name: pim_master_data_pkey; Type: CONSTRAINT; Schema: public; Owner: postgres; Tablespace: 
--

ALTER TABLE ONLY master_data
    ADD CONSTRAINT pim_master_data_pkey PRIMARY KEY (id, field, value);


--
-- TOC entry 2253 (class 2606 OID 41356)
-- Name: playlistdata_pkey; Type: CONSTRAINT; Schema: public; Owner: postgres; Tablespace: 
--

ALTER TABLE ONLY container_type_data
    ADD CONSTRAINT playlistdata_pkey PRIMARY KEY (id);


--
-- TOC entry 2273 (class 2606 OID 41358)
-- Name: product_sections_pkey; Type: CONSTRAINT; Schema: public; Owner: postgres; Tablespace: 
--

ALTER TABLE ONLY product_sections
    ADD CONSTRAINT product_sections_pkey PRIMARY KEY (section_id);


--
-- TOC entry 2277 (class 2606 OID 41360)
-- Name: tcdataset_pkey; Type: CONSTRAINT; Schema: public; Owner: postgres; Tablespace: 
--

ALTER TABLE ONLY test_case_datasets
    ADD CONSTRAINT tcdataset_pkey PRIMARY KEY (tcdatasetid);


--
-- TOC entry 2291 (class 2606 OID 41362)
-- Name: test_sets_pkey; Type: CONSTRAINT; Schema: public; Owner: postgres; Tablespace: 
--

ALTER TABLE ONLY test_sets
    ADD CONSTRAINT test_sets_pkey PRIMARY KEY (id);


--
-- TOC entry 2275 (class 2606 OID 41364)
-- Name: testcases_pkey; Type: CONSTRAINT; Schema: public; Owner: postgres; Tablespace: 
--

ALTER TABLE ONLY test_cases
    ADD CONSTRAINT testcases_pkey PRIMARY KEY (tc_id);


--
-- TOC entry 2281 (class 2606 OID 41366)
-- Name: testcasetag_pkey; Type: CONSTRAINT; Schema: public; Owner: postgres; Tablespace: 
--

ALTER TABLE ONLY test_case_tag
    ADD CONSTRAINT testcasetag_pkey PRIMARY KEY (tc_id, name, property);


--
-- TOC entry 2283 (class 2606 OID 41368)
-- Name: testdataset_pkey; Type: CONSTRAINT; Schema: public; Owner: postgres; Tablespace: 
--

ALTER TABLE ONLY test_data_sets
    ADD CONSTRAINT testdataset_pkey PRIMARY KEY (id);


--
-- TOC entry 2285 (class 2606 OID 41370)
-- Name: testenvresults_pkey; Type: CONSTRAINT; Schema: public; Owner: postgres; Tablespace: 
--

ALTER TABLE ONLY test_env_results
    ADD CONSTRAINT testenvresults_pkey PRIMARY KEY (id);


--
-- TOC entry 2279 (class 2606 OID 41372)
-- Name: testresults_pkey; Type: CONSTRAINT; Schema: public; Owner: postgres; Tablespace: 
--

ALTER TABLE ONLY test_case_results
    ADD CONSTRAINT testresults_pkey PRIMARY KEY (id);


--
-- TOC entry 2287 (class 2606 OID 41374)
-- Name: testrun_pkey; Type: CONSTRAINT; Schema: public; Owner: postgres; Tablespace: 
--

ALTER TABLE ONLY test_run
    ADD CONSTRAINT testrun_pkey PRIMARY KEY (id);


--
-- TOC entry 2289 (class 2606 OID 41376)
-- Name: testrunenv_pkey; Type: CONSTRAINT; Schema: public; Owner: postgres; Tablespace: 
--

ALTER TABLE ONLY test_run_env
    ADD CONSTRAINT testrunenv_pkey PRIMARY KEY (id);


--
-- TOC entry 2299 (class 2606 OID 41378)
-- Name: teststepdata_pkey; Type: CONSTRAINT; Schema: public; Owner: postgres; Tablespace: 
--

ALTER TABLE ONLY test_steps_data
    ADD CONSTRAINT teststepdata_pkey PRIMARY KEY (id);


--
-- TOC entry 2293 (class 2606 OID 41380)
-- Name: teststepresults_pkey; Type: CONSTRAINT; Schema: public; Owner: postgres; Tablespace: 
--

ALTER TABLE ONLY test_step_results
    ADD CONSTRAINT teststepresults_pkey PRIMARY KEY (id);


--
-- TOC entry 2301 (class 2606 OID 41382)
-- Name: teststepslist_pkey; Type: CONSTRAINT; Schema: public; Owner: postgres; Tablespace: 
--

ALTER TABLE ONLY test_steps_list
    ADD CONSTRAINT teststepslist_pkey PRIMARY KEY (step_id);


--
-- TOC entry 2295 (class 2606 OID 41384)
-- Name: teststepstemp_pkey; Type: CONSTRAINT; Schema: public; Owner: postgres; Tablespace: 
--

ALTER TABLE ONLY test_steps
    ADD CONSTRAINT teststepstemp_pkey PRIMARY KEY (id);


--
-- TOC entry 2297 (class 2606 OID 41386)
-- Name: teststepstemp_tc_id_step_id_teststepsequence_key; Type: CONSTRAINT; Schema: public; Owner: postgres; Tablespace: 
--

ALTER TABLE ONLY test_steps
    ADD CONSTRAINT teststepstemp_tc_id_step_id_teststepsequence_key UNIQUE (tc_id, step_id, teststepsequence);


--
-- TOC entry 2249 (class 2606 OID 41388)
-- Name: tracksplaylistdata_pkey; Type: CONSTRAINT; Schema: public; Owner: postgres; Tablespace: 
--

ALTER TABLE ONLY container_items
    ADD CONSTRAINT tracksplaylistdata_pkey PRIMARY KEY (id);


--
-- TOC entry 2302 (class 2606 OID 41389)
-- Name: expected_expectedrefid_fkey; Type: FK CONSTRAINT; Schema: public; Owner: postgres
--

ALTER TABLE ONLY expected
    ADD CONSTRAINT expected_expectedrefid_fkey FOREIGN KEY (expectedrefid) REFERENCES expected_datasets(expectedrefid);


--
-- TOC entry 2303 (class 2606 OID 41394)
-- Name: expectedref_datasetid_fkey; Type: FK CONSTRAINT; Schema: public; Owner: postgres
--

ALTER TABLE ONLY expected_datasets
    ADD CONSTRAINT expectedref_datasetid_fkey FOREIGN KEY (datasetid) REFERENCES test_case_datasets(tcdatasetid);


--
-- TOC entry 2304 (class 2606 OID 41399)
-- Name: performanceresults_tc_id_fkey; Type: FK CONSTRAINT; Schema: public; Owner: postgres
--

ALTER TABLE ONLY performance_results
    ADD CONSTRAINT performanceresults_tc_id_fkey FOREIGN KEY (tc_id) REFERENCES test_cases(tc_id);


--
-- TOC entry 2305 (class 2606 OID 41404)
-- Name: tcdataset_tc_id_fkey; Type: FK CONSTRAINT; Schema: public; Owner: postgres
--

ALTER TABLE ONLY test_case_datasets
    ADD CONSTRAINT tcdataset_tc_id_fkey FOREIGN KEY (tc_id) REFERENCES test_cases(tc_id);


--
-- TOC entry 2311 (class 2606 OID 41409)
-- Name: test_sets_tc_id_fkey; Type: FK CONSTRAINT; Schema: public; Owner: postgres
--

ALTER TABLE ONLY test_sets
    ADD CONSTRAINT test_sets_tc_id_fkey FOREIGN KEY (tc_id) REFERENCES test_cases(tc_id);


--
-- TOC entry 2307 (class 2606 OID 41414)
-- Name: testcasetag_tc_id_fkey; Type: FK CONSTRAINT; Schema: public; Owner: postgres
--

ALTER TABLE ONLY test_case_tag
    ADD CONSTRAINT testcasetag_tc_id_fkey FOREIGN KEY (tc_id) REFERENCES test_cases(tc_id);


--
-- TOC entry 2306 (class 2606 OID 41419)
-- Name: testresults_tc_id_fkey; Type: FK CONSTRAINT; Schema: public; Owner: postgres
--

ALTER TABLE ONLY test_case_results
    ADD CONSTRAINT testresults_tc_id_fkey FOREIGN KEY (tc_id) REFERENCES test_cases(tc_id);


--
-- TOC entry 2308 (class 2606 OID 41424)
-- Name: testresults_tester_id_fkey; Type: FK CONSTRAINT; Schema: public; Owner: postgres
--

ALTER TABLE ONLY test_env_results
    ADD CONSTRAINT testresults_tester_id_fkey FOREIGN KEY (tester_id) REFERENCES permitted_user_list(user_names);


--
-- TOC entry 2309 (class 2606 OID 41429)
-- Name: testrun_tc_id_fkey; Type: FK CONSTRAINT; Schema: public; Owner: postgres
--

ALTER TABLE ONLY test_run
    ADD CONSTRAINT testrun_tc_id_fkey FOREIGN KEY (tc_id) REFERENCES test_cases(tc_id);


--
-- TOC entry 2310 (class 2606 OID 41434)
-- Name: testrun_tester_id_fkey; Type: FK CONSTRAINT; Schema: public; Owner: postgres
--

ALTER TABLE ONLY test_run_env
    ADD CONSTRAINT testrun_tester_id_fkey FOREIGN KEY (tester_id) REFERENCES permitted_user_list(user_names);


--
-- TOC entry 2315 (class 2606 OID 41439)
-- Name: teststepdata_tcdatasetid_fkey; Type: FK CONSTRAINT; Schema: public; Owner: postgres
--

ALTER TABLE ONLY test_steps_data
    ADD CONSTRAINT teststepdata_tcdatasetid_fkey FOREIGN KEY (tcdatasetid) REFERENCES test_case_datasets(tcdatasetid);


--
-- TOC entry 2312 (class 2606 OID 41444)
-- Name: teststepresults_tc_id_fkey; Type: FK CONSTRAINT; Schema: public; Owner: postgres
--

ALTER TABLE ONLY test_step_results
    ADD CONSTRAINT teststepresults_tc_id_fkey FOREIGN KEY (tc_id) REFERENCES test_cases(tc_id);


--
-- TOC entry 2313 (class 2606 OID 41449)
-- Name: teststepstemp_step_id_fkey; Type: FK CONSTRAINT; Schema: public; Owner: postgres
--

ALTER TABLE ONLY test_steps
    ADD CONSTRAINT teststepstemp_step_id_fkey FOREIGN KEY (step_id) REFERENCES test_steps_list(step_id);


--
-- TOC entry 2314 (class 2606 OID 41454)
-- Name: teststepstemp_tc_id_fkey; Type: FK CONSTRAINT; Schema: public; Owner: postgres
--

ALTER TABLE ONLY test_steps
    ADD CONSTRAINT teststepstemp_tc_id_fkey FOREIGN KEY (tc_id) REFERENCES test_cases(tc_id);


--
-- TOC entry 2373 (class 0 OID 0)
-- Dependencies: 6
-- Name: public; Type: ACL; Schema: -; Owner: postgres
--

REVOKE ALL ON SCHEMA public FROM PUBLIC;
REVOKE ALL ON SCHEMA public FROM postgres;
GRANT ALL ON SCHEMA public TO postgres;
GRANT ALL ON SCHEMA public TO PUBLIC;


--
-- TOC entry 2383 (class 0 OID 0)
-- Dependencies: 173
-- Name: container_type_data; Type: ACL; Schema: public; Owner: postgres
--

REVOKE ALL ON TABLE container_type_data FROM PUBLIC;
REVOKE ALL ON TABLE container_type_data FROM postgres;
GRANT ALL ON TABLE container_type_data TO postgres;
GRANT ALL ON TABLE container_type_data TO PUBLIC;


--
-- TOC entry 2403 (class 0 OID 0)
-- Dependencies: 176
-- Name: execution_log; Type: ACL; Schema: public; Owner: postgres
--

REVOKE ALL ON TABLE execution_log FROM PUBLIC;
REVOKE ALL ON TABLE execution_log FROM postgres;
GRANT ALL ON TABLE execution_log TO postgres;
GRANT ALL ON TABLE execution_log TO PUBLIC;


--
-- TOC entry 2411 (class 0 OID 0)
-- Dependencies: 178
-- Name: expected; Type: ACL; Schema: public; Owner: postgres
--

REVOKE ALL ON TABLE expected FROM PUBLIC;
REVOKE ALL ON TABLE expected FROM postgres;
GRANT ALL ON TABLE expected TO postgres;
GRANT ALL ON TABLE expected TO PUBLIC;


--
-- TOC entry 2417 (class 0 OID 0)
-- Dependencies: 180
-- Name: expected_container; Type: ACL; Schema: public; Owner: postgres
--

REVOKE ALL ON TABLE expected_container FROM PUBLIC;
REVOKE ALL ON TABLE expected_container FROM postgres;
GRANT ALL ON TABLE expected_container TO postgres;
GRANT ALL ON TABLE expected_container TO PUBLIC;


--
-- TOC entry 2423 (class 0 OID 0)
-- Dependencies: 181
-- Name: expected_container_items; Type: ACL; Schema: public; Owner: postgres
--

REVOKE ALL ON TABLE expected_container_items FROM PUBLIC;
REVOKE ALL ON TABLE expected_container_items FROM postgres;
GRANT ALL ON TABLE expected_container_items TO postgres;
GRANT ALL ON TABLE expected_container_items TO PUBLIC;


--
-- TOC entry 2428 (class 0 OID 0)
-- Dependencies: 182
-- Name: expected_datasets; Type: ACL; Schema: public; Owner: postgres
--

REVOKE ALL ON TABLE expected_datasets FROM PUBLIC;
REVOKE ALL ON TABLE expected_datasets FROM postgres;
GRANT ALL ON TABLE expected_datasets TO postgres;
GRANT ALL ON TABLE expected_datasets TO PUBLIC;


--
-- TOC entry 2433 (class 0 OID 0)
-- Dependencies: 188
-- Name: permitted_user_list; Type: ACL; Schema: public; Owner: postgres
--

REVOKE ALL ON TABLE permitted_user_list FROM PUBLIC;
REVOKE ALL ON TABLE permitted_user_list FROM postgres;
GRANT ALL ON TABLE permitted_user_list TO postgres;
GRANT ALL ON TABLE permitted_user_list TO PUBLIC;


--
-- TOC entry 2443 (class 0 OID 0)
-- Dependencies: 191
-- Name: test_cases; Type: ACL; Schema: public; Owner: postgres
--

REVOKE ALL ON TABLE test_cases FROM PUBLIC;
REVOKE ALL ON TABLE test_cases FROM postgres;
GRANT ALL ON TABLE test_cases TO postgres;
GRANT ALL ON TABLE test_cases TO PUBLIC;


--
-- TOC entry 2448 (class 0 OID 0)
-- Dependencies: 193
-- Name: test_case_datasets; Type: ACL; Schema: public; Owner: postgres
--

REVOKE ALL ON TABLE test_case_datasets FROM PUBLIC;
REVOKE ALL ON TABLE test_case_datasets FROM postgres;
GRANT ALL ON TABLE test_case_datasets TO postgres;
GRANT ALL ON TABLE test_case_datasets TO PUBLIC;


--
-- TOC entry 2457 (class 0 OID 0)
-- Dependencies: 194
-- Name: test_case_results; Type: ACL; Schema: public; Owner: postgres
--

REVOKE ALL ON TABLE test_case_results FROM PUBLIC;
REVOKE ALL ON TABLE test_case_results FROM postgres;
GRANT ALL ON TABLE test_case_results TO postgres;
GRANT ALL ON TABLE test_case_results TO PUBLIC;


--
-- TOC entry 2471 (class 0 OID 0)
-- Dependencies: 197
-- Name: test_env_results; Type: ACL; Schema: public; Owner: postgres
--

REVOKE ALL ON TABLE test_env_results FROM PUBLIC;
REVOKE ALL ON TABLE test_env_results FROM postgres;
GRANT ALL ON TABLE test_env_results TO postgres;
GRANT ALL ON TABLE test_env_results TO PUBLIC;


--
-- TOC entry 2475 (class 0 OID 0)
-- Dependencies: 198
-- Name: test_run; Type: ACL; Schema: public; Owner: postgres
--

REVOKE ALL ON TABLE test_run FROM PUBLIC;
REVOKE ALL ON TABLE test_run FROM postgres;
GRANT ALL ON TABLE test_run TO postgres;
GRANT ALL ON TABLE test_run TO PUBLIC;


--
-- TOC entry 2488 (class 0 OID 0)
-- Dependencies: 199
-- Name: test_run_env; Type: ACL; Schema: public; Owner: postgres
--

REVOKE ALL ON TABLE test_run_env FROM PUBLIC;
REVOKE ALL ON TABLE test_run_env FROM postgres;
GRANT ALL ON TABLE test_run_env TO postgres;
GRANT ALL ON TABLE test_run_env TO PUBLIC;


--
-- TOC entry 2506 (class 0 OID 0)
-- Dependencies: 202
-- Name: test_step_results; Type: ACL; Schema: public; Owner: postgres
--

REVOKE ALL ON TABLE test_step_results FROM PUBLIC;
REVOKE ALL ON TABLE test_step_results FROM postgres;
GRANT ALL ON TABLE test_step_results TO postgres;
GRANT ALL ON TABLE test_step_results TO PUBLIC;


--
-- TOC entry 2511 (class 0 OID 0)
-- Dependencies: 204
-- Name: test_steps; Type: ACL; Schema: public; Owner: postgres
--

REVOKE ALL ON TABLE test_steps FROM PUBLIC;
REVOKE ALL ON TABLE test_steps FROM postgres;
GRANT ALL ON TABLE test_steps TO postgres;
GRANT ALL ON TABLE test_steps TO PUBLIC;


--
-- TOC entry 2521 (class 0 OID 0)
-- Dependencies: 206
-- Name: test_steps_list; Type: ACL; Schema: public; Owner: postgres
--

REVOKE ALL ON TABLE test_steps_list FROM PUBLIC;
REVOKE ALL ON TABLE test_steps_list FROM postgres;
GRANT ALL ON TABLE test_steps_list TO postgres;
GRANT ALL ON TABLE test_steps_list TO PUBLIC;


-- Completed on 2013-10-13 00:36:36

--
-- PostgreSQL database dump complete
--

